first_name,last_name,email_address,phone_number,address,visit_date
Courtney,Blanda,Mike.OConner@hotmail.com,1-893-870-1660 x00825,20233 Wisozk Drive,28/08/2024-12:20
Kyler,Armstrong,Leland_Hane@gmail.com,(297) 910-9447 x905,8591 Predovic Canyon,03/02/2024-01:30
Florence,Wolf,Baylee48@yahoo.com,(797) 976-2356 x105,399 College Avenue,08/04/2024-20:00
Paris,Gleichner,Patrick1@yahoo.com,1-832-469-8003,379 Quarry Road,02/10/2024-04:09
Hubert,Frami,Conrad99@gmail.com,1-453-478-1563,612 Buckridge Lake,18/09/2024-09:15
Amara,Swaniawski,Isadore91@hotmail.com,516-577-0064 x8957,57346 Stroman Park,06/09/2024-10:34
Esther,Gleason,Napoleon.Pagac@hotmail.com,802-314-0712,304 Hillside Road,24/04/2024-09:50
Madeline,Bogan,Christian.Senger@yahoo.com,1-436-308-9101 x5128,64296 Haag Fields,22/04/2024-16:05
Cora,Lakin,Tressa_Boyle46@hotmail.com,1-704-988-2935,502 Low Road,05/09/2024-08:47
Lucienne,Kuvalis,Gerard_Gusikowski15@gmail.com,511.949.9936 x50231,34769 E River Road,22/05/2024-10:24
Jocelyn,Feeney,Garry_Jaskolski@hotmail.com,716.553.4506 x713,21967 Church Lane,24/12/2023-08:29
Rex,Wiza,Verona.Zboncak-Hane@hotmail.com,852.965.3774 x622,44377 Schumm Track,09/08/2024-16:39
Javon,Klocko,Dereck.Becker98@gmail.com,1-253-709-5864 x8106,8979 Schimmel Springs,09/10/2024-11:51
Elisabeth,O'Connell,Pamela_Gleason@hotmail.com,1-807-418-5142 x6955,5516 Misael Branch,04/09/2024-22:29
Ernie,Keebler,Dillon57@gmail.com,(353) 692-6524,24890 W Church Street,02/05/2024-19:30
Berenice,Tillman,Ashtyn_Keeling@yahoo.com,1-483-761-6200 x11113,5089 Schmeler Haven,29/10/2024-21:54
Kaylee,Kub,Aurelio.Zieme@hotmail.com,541.256.9935 x827,778 William Valleys,24/05/2024-12:35
Norris,Daugherty,Zoie.Johnson@gmail.com,1-747-324-4289 x1110,1469 N 9th Street,16/08/2024-22:52
Morgan,Nienow,Annamarie32@yahoo.com,765.733.1748 x7868,655 Lawrence Street,02/05/2024-06:30
Nola,Okuneva,Rubye44@gmail.com,(297) 305-0529 x796,56492 Estrella Stream,23/07/2024-01:08
Willard,Sanford,Mayra_Marks27@gmail.com,1-873-270-7785 x187,3195 Newton Road,17/02/2024-11:32
Geo,Sporer,Ernestine17@hotmail.com,928-777-3140 x99782,145 Mills Ranch,22/12/2023-10:09
Skye,Schmidt,Augustine9@hotmail.com,(274) 592-6305,32380 Emerson Mall,31/12/2023-23:44
Maya,Breitenberg,Missouri.Ebert@yahoo.com,312-738-1698 x3271,846 Joanne Hill,11/01/2024-20:17
Alek,Rutherford,Alvena_Bergstrom77@gmail.com,685-647-6741 x362,43189 Arnulfo Coves,12/04/2024-05:16
Darron,Zboncak,Cathryn.Hudson@hotmail.com,1-421-354-1167 x2217,4010 Jedediah Passage,20/12/2023-08:13
Judah,Bernhard,Ramon_Emard@hotmail.com,448.864.9067 x3476,74727 Daniel Port,30/12/2023-01:55
Brando,Hayes,Marshall_Howell@yahoo.com,280-582-0620 x3647,1165 Fae Stravenue,16/12/2023-16:20
Jeanne,Leannon,Peyton_Zemlak@yahoo.com,1-390-283-5195,157 Park Lane,01/10/2024-10:17
Julianne,Tillman,Brigitte_Gerhold@hotmail.com,(619) 646-6961 x0828,4117 Ruecker Dam,02/09/2024-22:09
Antwon,Torphy,Miles_Hamill@yahoo.com,(973) 843-9807 x2082,51939 Lee Highway,04/10/2024-13:33
Pattie,Stracke,Hailie_Witting@hotmail.com,549-370-9811 x545,31703 Rashawn Flat,04/01/2024-15:47
Luella,Kirlin,Georgiana_Grimes@hotmail.com,532.711.7074 x09753,513 Marlee Shores,12/01/2024-23:30
Wilburn,Yost,Ansley.Moen64@hotmail.com,(904) 645-5384 x1480,7760 Nakia Grove,10/02/2024-15:34
Judson,Bernhard,Etha85@yahoo.com,1-485-831-1590 x36037,903 Price Coves,18/11/2023-16:58
Vicky,Hammes,Eleonore_Kuhic@yahoo.com,440-489-4292 x1227,20884 Pleasant Street,20/12/2023-04:34
Mireya,Ziemann,Boyd80@yahoo.com,(888) 219-4443,30119 Main Street N,31/05/2024-22:07
Trey,Ratke,Eliane80@gmail.com,1-237-471-8076 x50302,1447 Roberts Tunnel,05/06/2024-17:42
Berneice,Lemke,Emory.Schaden78@yahoo.com,436.212.0880,833 Magnus Ports,05/03/2024-15:55
Jaylen,Russel,Esther6@gmail.com,869-779-0883,69358 Lottie Lodge,18/05/2024-22:54
Daniela,Monahan,Dixie94@hotmail.com,(576) 719-0779 x19091,625 Dayne Terrace,28/12/2023-14:19
Elinore,Abbott,Agustin73@hotmail.com,1-990-435-3014 x4089,82356 Ismael Court,27/12/2023-04:10
Amber,Schultz,Bernardo.Stanton63@hotmail.com,1-534-824-6400 x004,895 Maurine Roads,01/02/2024-20:21
Electa,Kuhic,Jimmie_Quitzon43@yahoo.com,(790) 875-9926 x082,40270 Madalyn Walks,25/07/2024-17:43
Conrad,Heidenreich,Stan_Rippin@gmail.com,1-999-797-3775 x4617,450 Boyer Station,20/01/2024-05:45
Velma,Osinski,Tomas19@yahoo.com,1-825-905-7551 x822,5763 Aylin Throughway,05/01/2024-14:39
Kennith,Champlin,Mervin.Luettgen15@hotmail.com,438-608-3938 x1773,56549 Lorena Isle,24/01/2024-15:53
Dakota,Dickens-Stokes,Preston.Willms44@gmail.com,423-809-8418 x294,9731 Rath Motorway,20/12/2023-08:00
Dorthy,Medhurst,Rachelle.Mayert32@hotmail.com,640.821.3086,5967 Lexus Harbors,27/06/2024-11:38
Violette,Wolff,Destinee_Schoen81@yahoo.com,678-548-9929 x98305,66434 Mattie Ways,27/02/2024-22:56
Sonny,Fisher,Grant65@hotmail.com,590.898.0529 x7058,5567 N 7th Street,08/04/2024-12:35
Britney,Towne,Moses.Zulauf53@yahoo.com,606-831-2801 x3366,69201 E Washington Street,23/07/2024-09:35
Pierce,Green,Bertram84@gmail.com,941-253-3347 x2157,448 8th Avenue,05/08/2024-06:14
Anya,Nicolas,Abdullah.McDermott@yahoo.com,479.306.8841 x47893,487 Kaylah Route,23/12/2023-06:39
Estella,Rutherford,Velma_Gottlieb99@hotmail.com,(745) 513-2913 x6555,940 Willow Street,23/12/2023-15:23
Mathias,O'Conner,Oswaldo_Labadie59@yahoo.com,474.390.9985 x596,22808 Runte Highway,27/02/2024-23:35
Abdiel,Howe,Juliana0@hotmail.com,(412) 598-1543,261 Lesch Overpass,25/05/2024-07:38
Stacey,Walter,Golden40@gmail.com,319-732-4430 x79596,607 S East Street,09/08/2024-02:34
Kevin,Block,Jordane_Franecki81@hotmail.com,998.399.7504,5997 Castle Road,19/03/2024-10:31
Niko,Zieme,Ward63@yahoo.com,1-920-639-9718 x44854,38754 Greenfelder Shoals,08/11/2024-20:12
Sasha,DuBuque,Grover_Hilll@yahoo.com,556-290-8737 x199,1585 Devon Point,24/11/2023-02:28
Krystina,D'Amore,Sydnie_Nolan@gmail.com,414-429-6006,30148 Gutkowski Orchard,29/08/2024-11:16
Jadyn,Goodwin,Einar9@hotmail.com,1-755-423-7588 x0824,122 Sandringham Road,05/05/2024-16:27
Elizabeth,Franey,Gertrude_Kutch@gmail.com,(836) 560-8697 x7184,18373 Travis Fort,28/08/2024-16:04
Evan,Jones,Germaine_Ankunding@hotmail.com,397-628-3740,16880 Glover Court,03/07/2024-23:24
Kiera,Schmeler,Rogers33@yahoo.com,(435) 791-6396 x16846,782 Emmy Haven,08/12/2023-08:53
Justen,Pacocha,Yvonne96@yahoo.com,836.306.7035 x7820,50364 Stehr Gardens,25/09/2024-14:03
Angelo,Prohaska,Arvilla_Luettgen46@hotmail.com,(476) 560-6818 x80629,449 N 1st Street,18/08/2024-09:24
Violette,Powlowski,Donnell_Langosh12@yahoo.com,670-277-1412 x3846,65304 Gottlieb Walks,14/02/2024-20:23
Alvera,Fay,Carson67@yahoo.com,523.388.4253 x7021,643 Oak Road,03/07/2024-16:25
Odie,Kub,Percy_Schmidt93@gmail.com,1-336-372-0457 x63825,46807 Mueller Lake,05/10/2024-22:49
Serena,Schulist,Rosella.Barton@yahoo.com,1-926-535-2445 x73247,994 E 4th Street,01/10/2024-00:52
Esta,Rau,Daniella46@yahoo.com,638.843.0753,7315 Grove Road,09/04/2024-19:21
Elinore,Haag,Stevie.Champlin81@gmail.com,1-469-647-0850,587 Leatha Wells,17/06/2024-11:40
Kasey,Kertzmann,Reba56@gmail.com,984.988.4036 x53128,325 Western Avenue,10/02/2024-06:33
Graham,Gleichner,Keven.Orn58@gmail.com,(662) 751-3769 x44470,4894 S Jefferson Street,26/03/2024-19:37
Ilene,Schulist,Junior.Hane93@yahoo.com,518-691-9218 x461,77789 Klocko Lane,19/06/2024-05:29
Sedrick,White,Meda6@hotmail.com,(665) 570-9956,107 Quigley Center,09/03/2024-23:02
Johnnie,Cole,Gus77@hotmail.com,737.721.6859 x2747,109 Orchard Road,29/04/2024-17:54
Modesto,Hegmann,Marilie_Rosenbaum21@hotmail.com,(441) 991-3196 x883,45969 Grange Avenue,21/06/2024-01:04
Charity,Beier,Ezekiel38@gmail.com,355-343-5154 x837,194 Isidro Bypass,13/01/2024-18:29
Fay,Lockman,Jalen_OHara50@yahoo.com,402-611-1782 x92412,6566 Lockman Run,30/11/2023-02:21
Marjory,Ernser,Abraham_Hills64@gmail.com,(756) 914-0585 x250,271 Kub Camp,28/05/2024-08:19
Ulices,Osinski,Kaelyn.Wuckert@hotmail.com,(764) 469-6311 x04113,231 Zane Burgs,22/10/2024-15:34
Tia,Bailey,Sincere57@hotmail.com,1-855-300-9511,65844 Ratke Orchard,15/04/2024-01:12
Althea,Morar,Tessie.Bahringer8@gmail.com,(304) 391-0212 x0574,369 Hauck Fort,28/07/2024-18:27
Gunnar,Leffler,Idella_Volkman@hotmail.com,1-261-679-9410,68591 Oxford Street,20/05/2024-01:33
Dedric,Ullrich-Conroy,Delaney.Borer@hotmail.com,(999) 349-1142 x571,9114 Swaniawski View,03/03/2024-04:35
Davon,Nolan,Lorna.Sipes@gmail.com,1-440-620-1749 x3074,95839 Lakin Manor,07/12/2023-13:02
Hugh,Wilkinson,Aylin.Macejkovic@hotmail.com,413-249-0651 x357,92419 Adams River,31/01/2024-19:35
Veronica,Daniel,Carroll31@gmail.com,(324) 735-2028,655 Hamill Road,30/12/2023-05:11
Connie,Shields,Johathan92@hotmail.com,593-934-1660 x66103,8351 Konopelski Corners,19/05/2024-03:31
Tessie,Tillman,Eldora_Goldner@gmail.com,1-456-203-6756 x866,36810 Rylan Parkway,13/01/2024-00:24
Joany,Oberbrunner,Luigi52@gmail.com,568.576.8749,1479 Reece Viaduct,16/12/2023-10:51
Marcel,Sipes,Lois.Hand32@yahoo.com,1-932-209-1016 x6285,911 Rowe Cove,07/11/2024-20:47
Jennings,Cremin,Xzavier.Beier@hotmail.com,1-868-914-9156 x3447,93637 Jacobs Course,23/11/2023-02:10
Evert,Ryan,Norene_Ullrich91@hotmail.com,1-246-872-9772 x939,664 Purdy Field,04/03/2024-09:55
Rogelio,Corwin,Tavares_Frami@yahoo.com,218.546.7601 x938,5304 W Broadway,06/04/2024-03:18
Jessie,Streich,Gunner65@hotmail.com,1-979-946-7052,80087 Syble Hills,23/08/2024-03:11
Ezekiel,Dooley,Rhea_King@gmail.com,533-682-6385 x8312,875 Willow Street,29/11/2023-08:03
Gerard,Effertz,Earl72@hotmail.com,508.813.8925 x03717,966 Swift Parks,28/10/2024-07:37
Emil,Russel,Cooper_Hayes90@yahoo.com,283.413.7266 x8334,4337 Lansdowne Road,11/04/2024-21:22
Camden,Hintz,Margaret38@gmail.com,1-817-790-2401,43742 Witting Stravenue,10/12/2023-13:31
Emil,Douglas,Courtney_Cassin@yahoo.com,(792) 469-6732 x34215,4235 Chapel Hill,01/02/2024-14:42
Ezekiel,Hintz,Genoveva90@gmail.com,1-267-362-3079 x7298,30726 Lubowitz Bridge,26/11/2023-23:57
Jerrold,Hackett,Sherman83@hotmail.com,1-531-261-4943 x6108,335 S State Street,01/10/2024-16:26
Raleigh,Deckow-Gorczany,Ray17@yahoo.com,1-891-533-2565 x729,779 Fadel Isle,25/10/2024-06:28
Reece,Renner,Kirstin_Prosacco93@yahoo.com,893.379.5296 x324,91403 Mayfield Road,19/07/2024-12:48
Alexandrea,Casper,Angelita.Torphy48@hotmail.com,(793) 254-1687 x753,8705 Ottilie Trace,01/04/2024-06:26
Hilton,Gusikowski,Zelma_Runte@yahoo.com,1-319-467-9305 x85006,309 Matilde Valley,22/02/2024-01:04
Brennan,Runte-Schowalter,Raul6@yahoo.com,680-547-2786 x356,1538 Towne Tunnel,06/12/2023-02:00
Nelda,Heathcote,Cristobal52@yahoo.com,1-887-344-0859,78056 Washington Street,11/04/2024-11:32
Johathan,Kessler,Simeon.Cruickshank28@gmail.com,606.486.1660 x6642,964 S Washington Avenue,30/07/2024-04:19
Antonio,Gibson,Pansy59@gmail.com,1-280-970-0093 x7291,76464 Wintheiser Shoals,27/02/2024-02:08
Nikko,Mosciski,Alisa43@yahoo.com,433-593-5243 x46893,82693 Castle Close,03/01/2024-07:29
Nicole,Cassin,Bertrand91@hotmail.com,(840) 582-0230 x145,21296 Monahan Radial,19/10/2024-11:59
Darwin,Runolfsdottir,Heath.Ullrich@yahoo.com,1-690-311-0734,7855 Martin Luther King Boulevard,04/03/2024-18:03
Melany,Koepp,Drew.Lueilwitz5@hotmail.com,1-452-645-8801 x183,1168 Stanley Street,07/01/2024-23:39
Alden,Towne,Gladys.Ankunding42@gmail.com,847-590-8985,51453 Hermiston Walks,30/01/2024-00:01
August,Collins,Lenny.Rohan70@hotmail.com,(599) 650-8445 x68833,41131 Kennedi Crescent,01/06/2024-05:14
Kali,Schumm,Gideon.Heidenreich97@gmail.com,(846) 974-6285 x66499,24828 Steuber Squares,07/01/2024-07:31
Hollie,Vandervort,Brian.Senger@hotmail.com,(335) 395-2475 x89559,42107 Blanche Falls,05/05/2024-05:40
Ressie,Hirthe,Keyon.Effertz@gmail.com,(201) 269-5840,95901 Willms Throughway,08/04/2024-00:10
Giuseppe,Thiel,Sadie18@hotmail.com,(218) 504-2795 x008,1808 Littel Ferry,16/07/2024-04:08
Evelyn,Yundt,Daisha_Walter@yahoo.com,737-387-7728 x0845,95220 Back Lane,23/02/2024-13:03
Jazmyne,Marvin-Jast,Dianna.Franecki84@yahoo.com,(918) 724-9872,30536 Kshlerin Corner,20/07/2024-10:03
Breanne,Hills,Josiane.Trantow@hotmail.com,1-233-592-8655 x126,321 Hilll Parkway,07/09/2024-13:43
Gregorio,Rohan,Jermaine4@yahoo.com,(241) 955-5067 x3634,5952 Center Road,15/08/2024-15:28
Georgette,Raynor,Jermey_Christiansen@gmail.com,394-380-7528 x02774,45081 Albion Street,07/10/2024-01:08
Mariane,Hyatt,Luciano_Hilll0@hotmail.com,(761) 624-9546 x706,10833 Heaney Court,13/12/2023-08:02
Tina,Hilpert,Kiley9@yahoo.com,949.985.0652,50346 Norbert Harbors,24/05/2024-04:53
Carlo,Hirthe,Stefanie97@hotmail.com,1-856-826-0050 x0136,8792 Reichert Terrace,25/03/2024-08:59
Jeromy,Armstrong,Aurelie_Rogahn-Barton@hotmail.com,(392) 786-9711,51298 Kunze Ways,02/03/2024-00:34
Milton,Langworth,Judge24@gmail.com,895.535.2561 x53856,46375 Zachariah Square,01/08/2024-15:22
Jacques,Blanda,Lennie84@yahoo.com,(988) 826-1873,2910 E 9th Street,06/10/2024-23:32
Hans,Romaguera,Emmanuel.McLaughlin94@hotmail.com,907-237-1095 x7898,56340 Bulah Radial,28/03/2024-17:47
Kieran,Rempel,Cindy74@hotmail.com,(782) 679-2387 x92117,3477 Kane Walks,17/06/2024-12:48
Macy,Beer,Omer.Keeling44@hotmail.com,618.802.2921 x2810,2895 Main Street E,04/02/2024-22:35
Kyler,Bosco,John.Upton24@hotmail.com,463.349.0872 x2588,91531 The Sidings,28/08/2024-21:12
Augustine,Grimes,Myrtis_OHara62@gmail.com,507-624-8997 x93028,988 Von Cliffs,17/09/2024-19:20
Raina,Hartmann,Verona37@hotmail.com,1-498-433-7556 x4854,52237 McClure Circle,11/10/2024-15:53
Alvena,King,Verona.Schuster@gmail.com,1-627-949-0408 x6510,25620 Langworth Forge,01/01/2024-00:12
Shane,Harvey,Ronaldo37@yahoo.com,970-789-8086 x952,891 York Road,18/01/2024-02:25
Moses,Bergnaum,Stan_Spencer@gmail.com,(743) 682-2153,8529 Barton Road,02/09/2024-18:59
Daniela,Kunde,Gerardo_Rau@yahoo.com,855-528-1585 x10463,1987 Kenna Walk,13/09/2024-11:02
Hilbert,Bosco,Rico.Homenick17@hotmail.com,555.294.1755,3983 Johns Loop,16/01/2024-06:16
Kiarra,Barrows,Orin.Jacobs@gmail.com,1-232-462-1792 x895,21987 Green Lane,07/01/2024-03:47
Nicolas,Wiza,Benedict.Collier32@gmail.com,682.749.3999 x40401,410 Gillian Port,30/10/2024-01:03
Reta,Zieme,Isom.Sauer@hotmail.com,(429) 282-7512,965 Greenwood Road,24/10/2024-07:14
Norma,Schoen,Myrl.Moen@gmail.com,618-615-8176 x7279,4717 Verner Knoll,15/12/2023-07:12
Ken,Gutmann,Andre.Stehr-Hegmann80@gmail.com,462.812.8294 x432,4652 South Road,02/09/2024-06:22
Lexus,Harvey,Quincy.Jerde@gmail.com,(833) 633-4961 x51955,51844 Clarendon Road,02/10/2024-09:57
Vito,Schroeder,Austin.Durgan@hotmail.com,1-554-227-5926 x84040,5424 Bramble Close,22/07/2024-23:04
Jerrell,Ankunding,Estell66@yahoo.com,955-519-1111 x3924,93112 Runolfsson Square,29/05/2024-12:23
Cloyd,Jerde,Maggie81@yahoo.com,1-319-482-8405,1573 Erdman Highway,30/11/2023-14:32
Tony,Carter,Jaqueline.Purdy@yahoo.com,342-695-1388 x252,196 Krajcik Route,28/02/2024-00:24
Lula,Pfeffer,Ismael_Lehner@hotmail.com,780.627.6992,60256 High Road,11/08/2024-12:14
Cullen,Bernier,Audie_Konopelski@gmail.com,(597) 275-0759 x13975,779 Veterans Memorial Highway,01/11/2024-18:24
Enoch,Bernier-Stoltenberg,Derick.Ullrich98@gmail.com,337.236.5303 x530,8746 Waterloo Road,28/11/2023-20:44
Ahmad,Johnson-Upton,Frida81@hotmail.com,(726) 990-8481 x86255,75007 Pfannerstill Lane,18/03/2024-17:24
Dorris,Jenkins-Wilderman,Maida.Rempel@hotmail.com,(374) 393-0973 x348,70210 Beatty Via,17/11/2023-10:52
Eric,Trantow,Kris.Vandervort@hotmail.com,(429) 338-4106,687 Barton Heights,29/04/2024-04:34
Pedro,Mayert,Albert.Streich@yahoo.com,(226) 954-5582 x246,522 Windsor Drive,18/12/2023-02:54
Renee,Littel,Margarita_Rosenbaum25@hotmail.com,1-514-676-9181 x955,286 Lance Coves,21/03/2024-15:23
Elmer,Barton,Stanton.Erdman-Crooks29@gmail.com,698-705-2422 x4966,5156 Rosella Roads,08/10/2024-00:49
Terrence,Jast-Blick,Brook_McKenzie@yahoo.com,(332) 906-2893 x7155,726 Will Run,07/03/2024-21:28
London,Cartwright,Josianne.Carroll37@yahoo.com,745-979-4490,2219 Funk Expressway,03/10/2024-01:30
Rosemary,Pacocha,Deonte.Lueilwitz8@yahoo.com,215.211.7525 x5444,73953 Bertram Ways,16/01/2024-03:20
Bessie,Hand,Anabelle.Schuster@gmail.com,648-345-7490 x038,2307 S Oak Street,16/10/2024-14:47
Johan,Tremblay,Fausto_Hamill35@yahoo.com,1-974-442-0312,4156 W 11th Street,20/01/2024-22:34
Timmy,Jakubowski,Annabel.Christiansen@yahoo.com,(872) 537-1413 x4810,62702 Gordon Road,18/04/2024-08:06
Trisha,Anderson,Laura.Mueller24@yahoo.com,990.325.7681 x1794,74097 Bryana Streets,09/05/2024-20:01
Maye,Hyatt-Fritsch,Casandra_Ruecker@gmail.com,(914) 800-4212 x89850,2812 Jacey Burgs,09/12/2023-03:57
Eldred,Wiegand,Herman_Gutkowski6@hotmail.com,635-294-2181,2338 Schuppe Plains,28/10/2024-20:50
Syble,Jast,Elliot.Connelly@gmail.com,232-762-3016 x0512,94325 State Road,22/01/2024-11:05
Clotilde,Schaefer,Domenick43@hotmail.com,880-592-6538,617 Antonetta Spur,03/10/2024-14:00
Rosalind,Watsica,Elvis62@yahoo.com,437-454-7762 x15579,14633 Dashawn Meadows,30/06/2024-21:37
Elise,Pacocha,Joshuah.Smith31@gmail.com,533-976-3408 x04744,4923 Ash Street,29/09/2024-02:47
Howard,Bernhard,Marietta_Fisher93@hotmail.com,(652) 671-4761 x4078,75951 Mount Street,06/05/2024-12:46
Natalia,Weber,Daniella.Fritsch@gmail.com,631.367.4672 x87624,51920 Koepp Ways,27/02/2024-03:57
Sonny,Wolf,Donna_West92@hotmail.com,(712) 567-3904 x582,9649 Roberts Run,13/12/2023-08:32
Gust,Osinski,Roosevelt_Bechtelar@gmail.com,1-994-635-6603,134 Bergnaum Turnpike,16/02/2024-10:08
Natalie,McLaughlin,Antonette.Wilkinson@hotmail.com,354.703.3823 x937,21228 Wood Lane,19/02/2024-11:10
Ernestina,Waters,Jimmy.Herzog@yahoo.com,556-283-4799 x31332,65473 Alexys Extensions,14/03/2024-23:35
Stanley,Quitzon,Nona.Rogahn-Dibbert8@yahoo.com,643.732.7744,9562 E Pine Street,28/05/2024-07:16
Wilford,Brekke,Nils3@yahoo.com,(217) 437-7077 x7437,88989 Dickinson Cliff,24/09/2024-12:22
Vickie,Altenwerth,Deron86@yahoo.com,1-350-763-4125 x4069,83330 Fisher Drive,30/03/2024-17:33
Lafayette,Turcotte,Cecile.Miller85@hotmail.com,1-783-321-6119 x4123,5843 Trycia Circle,01/05/2024-18:16
Susanna,Cummerata,Abner_Gottlieb12@hotmail.com,446-515-8850 x929,818 Will Islands,05/11/2024-23:09
Linda,Bergstrom,Jo72@yahoo.com,523-781-2948 x8602,309 Ash Close,10/09/2024-00:57
Llewellyn,Padberg,Sister.Hahn28@yahoo.com,856.462.0570 x5457,417 Amelia Branch,24/05/2024-07:19
Letitia,Murphy,Marco_Monahan@yahoo.com,860.746.5336 x281,67473 Delta Crossroad,30/06/2024-10:16
Jaqueline,Connelly,Grover59@gmail.com,388-936-4701 x1050,5457 Lera Parkways,28/05/2024-06:18
Tavares,Kuphal,Shanny.Torphy28@yahoo.com,407.500.1894 x96752,2867 Marina Drive,10/06/2024-08:49
Victoria,Metz,Dave93@gmail.com,317.322.3867 x0169,52350 Langworth Trail,08/03/2024-08:28
Kelvin,Purdy,Krystel_McCullough72@gmail.com,886.729.5580 x466,35247 Oakfield Road,08/03/2024-08:45
Linnea,Bahringer,Madalyn.Howell44@gmail.com,918-723-6496 x44629,6524 Satterfield Valleys,14/02/2024-23:19
Laurianne,Gulgowski,Joanie.Schuster@gmail.com,(974) 607-2784 x78441,3284 Charlene Junction,13/11/2023-16:05
Adella,Boyer,Alize61@gmail.com,587-501-6963 x0733,461 Orie Lodge,29/01/2024-04:31
Rowan,Ortiz,Jaylin51@yahoo.com,(247) 487-8615 x19009,2304 Cartwright Haven,24/06/2024-09:25
Iliana,Schuster,Frank84@gmail.com,(798) 224-0033 x89698,7838 Brody Valley,08/02/2024-06:59
Brady,Jaskolski,Liam.Price@yahoo.com,280.663.5210 x4405,7863 Joanny Grove,13/12/2023-10:50
Lamar,Gibson,Fausto80@hotmail.com,1-255-264-3227 x012,19648 Reyna Throughway,15/04/2024-23:52
Milton,Hansen,Esperanza62@yahoo.com,1-317-790-9273 x475,45501 Stiedemann View,10/05/2024-01:27
Micheal,Gusikowski,Tatyana34@yahoo.com,257.698.0692 x20850,248 Volkman Trace,14/02/2024-13:53
Marge,Franey,Jarvis19@yahoo.com,(655) 799-4559 x435,64785 Delphine Highway,25/01/2024-22:03
Felipa,Keeling,Emile.Durgan@gmail.com,766-380-4228 x2850,51267 Castle Road,15/05/2024-02:22
Charlie,Dibbert,Destini_Tremblay48@gmail.com,(415) 935-5166 x76011,317 Kerluke Shore,20/10/2024-07:29
Noel,White,Jolie51@hotmail.com,389-580-3395 x8904,428 E 1st Street,08/10/2024-19:49
Mara,O'Connell,Zion.Sipes60@gmail.com,905.769.0671 x5890,373 E Broadway,25/07/2024-04:31
Deon,Corwin,Nedra.Swift@hotmail.com,566-414-8966,25183 1st Avenue,01/03/2024-14:20
George,Daugherty,Reta.Spencer12@gmail.com,1-964-426-9917 x720,360 Okuneva Harbor,04/09/2024-11:33
Jameson,Borer,Jeffrey26@yahoo.com,(491) 878-2313 x84993,9567 Duane Manors,28/07/2024-21:44
Carrie,Schuster,Johann.Effertz60@hotmail.com,1-507-660-8912 x6861,539 Britney Mission,20/10/2024-14:25
Thea,Mann,Savannah42@gmail.com,1-833-274-8146 x3791,8222 Nico Extension,13/10/2024-11:33
Wayne,Boehm,Maximo.Mayer@gmail.com,(332) 251-7787,539 Pine Street,05/02/2024-04:29
Kelton,Brekke,Steve73@hotmail.com,1-674-814-8868 x603,3795 N Cedar Street,16/11/2023-20:54
Buddy,Lubowitz,Willy99@hotmail.com,(339) 553-0122,77629 Homenick Ramp,27/01/2024-04:39
Lempi,White,Taryn62@yahoo.com,418.898.5528,1502 Kautzer Harbor,07/02/2024-21:30
Angelina,Stanton,Erling48@hotmail.com,(614) 805-4812,59727 Zboncak Spur,15/06/2024-20:57
Jillian,D'Amore,Alexane57@gmail.com,265.364.0925 x0786,569 S Broadway,17/07/2024-14:01
Elfrieda,Reilly,Milan_Price@gmail.com,(564) 828-5515 x4939,69003 N 6th Street,31/03/2024-17:39
Vincenzo,Kunde,Myron85@yahoo.com,1-430-645-6397,3828 S Jackson Street,06/05/2024-09:05
Kiel,Stracke,Maeve_Heidenreich@hotmail.com,823-273-3687 x238,909 Paucek Course,13/09/2024-15:22
Rae,Gerhold,Karen_McGlynn29@yahoo.com,891.237.1841,53185 Mount Street,06/09/2024-09:17
Anderson,Block,Yazmin.Gleason27@hotmail.com,500.641.2580 x883,7553 Karli Garden,19/08/2024-10:27
Ned,Jerde,Josianne.Hodkiewicz@hotmail.com,1-250-776-8134,520 Batz Mall,05/08/2024-13:24
Johnnie,Stanton,Jacques_Murazik@hotmail.com,1-318-444-6535 x509,400 Alysson Forge,29/02/2024-02:52
Guillermo,Rice,Vidal.Kunde18@yahoo.com,569.374.8348,620 Wren Close,08/12/2023-12:14
Jeanette,Ondricka,Zack.McLaughlin7@gmail.com,1-392-971-5924,689 Field Lane,11/10/2024-01:46
Mae,Feil,Sedrick.Schaden@hotmail.com,(625) 669-4040 x309,9574 4th Street,03/01/2024-04:28
Sabina,Borer,Angie.Murray@yahoo.com,618.963.8009,7846 Washington Street,13/01/2024-10:15
Alexandria,Lemke-Schamberger,Kailyn.Kutch1@yahoo.com,1-328-551-2160,924 Boyer Drive,27/08/2024-11:06
Lizzie,Hagenes,Lynn_Dietrich@gmail.com,1-515-271-5529 x7954,84156 Kshlerin Port,02/04/2024-17:19
Maxime,Jerde,Retha.Glover31@hotmail.com,475.904.4804 x1632,613 Waterloo Road,16/04/2024-15:05
Lexi,Carter-Haley,Leone9@gmail.com,(303) 468-8856,219 Hill Road,27/11/2023-06:58
Halie,Quitzon,Rossie.Stokes@yahoo.com,(866) 985-1929 x9672,69729 Rodriguez Mountain,05/02/2024-03:49
Kaelyn,Baumbach,Garret_Beer@hotmail.com,(353) 730-1189 x53986,2882 Willow Drive,28/08/2024-23:17
Lacey,Lind,Norene92@hotmail.com,331-988-5938 x393,2681 Victoria Road,30/05/2024-10:11
Deja,Gerhold,Kody50@gmail.com,366-319-8185 x439,78527 Gulgowski Extensions,28/07/2024-23:23
Efren,Kovacek,Corbin_Bins@hotmail.com,932.406.5040 x90243,37150 Destin Center,26/09/2024-07:21
Otto,Harris,Victoria_Boyle65@gmail.com,571-224-4454 x2067,33329 Antwon Park,16/12/2023-00:25
Damien,Conn,Carolyne.Schimmel@yahoo.com,1-847-552-9869,65042 Tito Villages,22/05/2024-14:00
Nathanael,Brakus,Devon_Boehm76@hotmail.com,(379) 602-2127 x845,15727 Kutch Fork,13/03/2024-09:35
Elwyn,Boyer,Vita.Jacobs20@hotmail.com,1-296-905-8703 x86414,97285 Padberg Trafficway,21/02/2024-14:13
Jon,Fritsch,Clare70@gmail.com,951-534-6393 x60661,306 Hattie Via,03/02/2024-16:13
Brady,Batz,Dora17@hotmail.com,634.357.6906 x9498,87676 Adele Views,18/06/2024-00:00
Alysha,Barrows,Dayana.Zemlak@gmail.com,(757) 437-9455 x883,1573 Ricky Fields,28/03/2024-13:33
Ayden,Rohan,Travis_Veum68@hotmail.com,1-581-629-0163 x5647,62288 Thiel Circles,29/09/2024-09:49
Zoila,Franey,Aubree.Huel68@gmail.com,299-821-7984,8945 Parisian Locks,03/06/2024-07:56
Charity,McLaughlin,Valentine77@hotmail.com,1-236-720-6246 x129,60983 Toy Pine,16/10/2024-17:13
Kenny,Schuster,Giovanni_Schmidt@gmail.com,1-619-964-1246 x5225,3892 Roman Way,28/12/2023-04:00
Leslie,Parker,Bell30@hotmail.com,552-358-8771,317 Emmerich Expressway,27/12/2023-12:13
Kendrick,Hills,Jarrell23@hotmail.com,1-595-932-9474,23325 O'Hara Meadows,14/06/2024-22:04
Rhoda,Barton,Jaclyn4@hotmail.com,951.320.7972 x66127,60720 Ines Grove,05/07/2024-02:01
Emmie,Hills,Ardella.Rice@hotmail.com,(637) 983-3034 x4077,740 W Park Street,04/05/2024-05:42
Melba,Dicki,Jolie.Turner86@gmail.com,(903) 566-4584 x990,529 Kautzer Motorway,24/08/2024-18:00
Cindy,Yundt,Kristofer48@gmail.com,295-648-5875 x2642,822 Wilburn River,21/08/2024-20:59
Jasen,Marquardt,Herminio47@hotmail.com,1-387-870-5312 x0481,2008 Mayra Union,02/11/2024-02:16
Nash,Gutkowski,Abe.Altenwerth47@hotmail.com,428-279-5828,18542 Jeanne Ways,30/04/2024-04:00
Linnie,Labadie,Victoria73@yahoo.com,515-328-6160,9201 Jones Station,09/10/2024-12:56
Bartholome,Blick,Chanelle_Collier@gmail.com,563.483.3772 x60800,6088 S Main Street,05/10/2024-01:57
Carole,Donnelly,Tia_Herman65@gmail.com,(995) 597-7032 x4396,9043 Genevieve Fall,28/05/2024-01:21
Reed,Mann,Vita69@gmail.com,344-477-8920,301 Kozey Cove,17/12/2023-07:15
Maureen,Kuvalis,Eric_Feil94@yahoo.com,1-344-980-5080,72961 Hillside Close,11/04/2024-16:08
Herbert,Klocko,Vinnie.Waelchi@hotmail.com,758-543-1123 x031,598 Garett Views,05/09/2024-07:28
Delilah,Schaefer,Kristina.Swaniawski69@yahoo.com,560.381.7076 x567,407 Rollin Plains,25/01/2024-18:14
Paolo,Legros,Brigitte_Batz@yahoo.com,(310) 885-3034 x19375,60355 Beech Drive,06/03/2024-23:54
Scarlett,Howell,Amparo75@yahoo.com,1-673-300-4882,660 Jensen Orchard,11/06/2024-23:51
Tavares,Larkin,Bennett.Rau17@gmail.com,433.813.4898,6089 The Oval,26/08/2024-22:21
Marlin,Donnelly,Helene_Schowalter@hotmail.com,470-329-8502 x038,636 Tevin Tunnel,27/06/2024-23:19
Felicity,Lockman,Melissa_Becker@yahoo.com,1-287-575-3665 x893,3238 Konopelski Villages,21/12/2023-03:02
Keenan,Reichel,Hadley25@hotmail.com,(283) 420-7400 x4959,67449 Kris Crescent,12/03/2024-16:49
Cortez,McCullough,Emmalee.Koch63@hotmail.com,370.709.6387 x02662,581 Donnie Square,12/06/2024-22:11
Fred,Ritchie,Annetta.Harber@yahoo.com,861.664.9692 x06455,3355 Doyle Mountain,12/12/2023-18:11
Lurline,Gusikowski,Aurelio_Boyer16@gmail.com,522.852.9296,674 N Bridge Street,26/02/2024-21:40
Lon,Halvorson,Armand.Reynolds@gmail.com,(651) 776-1341 x61885,523 Kailyn Pines,28/09/2024-08:23
Demetrius,Gulgowski,Creola.Sawayn9@yahoo.com,441-491-7418 x904,440 Pacocha Ford,03/05/2024-16:17
Davon,Kuvalis,Judd.Lueilwitz@hotmail.com,(504) 818-3293,1297 Russel Row,21/09/2024-23:59
Prince,Torphy,Quinten.Fadel76@hotmail.com,228.799.6044 x975,617 Pacocha Road,24/04/2024-01:17
Karen,Parker,Arvel.Ledner@yahoo.com,(390) 431-0498 x956,4830 N Poplar Street,04/03/2024-13:15
Enrique,Ondricka,Gerardo.Dach@hotmail.com,(921) 299-8401,75526 Washington Boulevard,15/05/2024-01:28
Selmer,McCullough,Hassie31@yahoo.com,996.289.4752 x16045,139 Mraz Shores,06/04/2024-18:10
Lafayette,Purdy,Conrad_Lang3@yahoo.com,(234) 706-9877 x095,51970 W Broadway Avenue,29/02/2024-03:28
Orlo,O'Conner,Mac63@gmail.com,(200) 928-7106,9456 Pine Street,08/05/2024-19:06
Alia,Champlin-Schmitt,Ocie.Schulist@gmail.com,664-566-5336 x971,58917 Market Square,25/12/2023-02:48
Sandra,Mitchell,Garett48@gmail.com,(444) 935-3125 x34284,854 DuBuque Orchard,21/01/2024-21:52
Hester,Hegmann,Kelsi.Upton1@gmail.com,735.488.4885 x2768,57138 Evie Wall,02/02/2024-22:48
Opal,Cummings,Alden98@yahoo.com,721.737.8311,873 Cherry Street,01/04/2024-22:52
Joana,Schmitt,Stone_Zulauf54@yahoo.com,313-319-2942,73601 Wilma Cove,09/04/2024-09:44
Monte,Prohaska,Lawrence98@yahoo.com,925.478.1629 x16875,4916 Hackett Spurs,10/07/2024-20:06
Kasey,Robel,Alden.Willms@yahoo.com,(800) 763-1887 x909,92435 Friesen Drives,07/09/2024-09:22
Maximilian,Cummerata,Jaime83@hotmail.com,295.537.0897,73889 North Street,31/05/2024-09:47
Sabina,Okuneva,Lilla_Thiel9@hotmail.com,320.969.2126,122 Marcel Lock,26/08/2024-11:01
Casimir,Schroeder-Jacobi,Max13@hotmail.com,(957) 556-0336 x9917,301 Natalie Trace,04/01/2024-01:33
Guillermo,Kutch,General42@gmail.com,717.958.6300 x188,196 Dell Rest,07/09/2024-17:56
Wallace,Luettgen,Keshaun0@hotmail.com,(572) 313-1267 x66409,2101 Stoney Lane,28/08/2024-01:42
Amina,Koch,Elyse_Blanda70@hotmail.com,1-697-922-5446 x9550,6017 Keebler Trafficway,23/01/2024-02:31
Eulah,Sporer,Celestine40@gmail.com,1-547-654-3636,183 Lueilwitz Fall,04/04/2024-02:27
Yasmine,Marvin,Alfonzo_Hills@yahoo.com,737.601.3066,78994 Granville Rapid,15/04/2024-12:38
Gracie,Hoppe,Mabel41@hotmail.com,1-771-330-5229 x17857,7846 Columbia Avenue,16/05/2024-15:07
Aurelio,Schmeler,Felipe_Raynor@hotmail.com,(606) 288-9173 x82690,9999 Torp Mall,15/12/2023-12:43
Leda,Gorczany,Rubye.Schulist@hotmail.com,1-492-463-3502 x11597,8635 Church Street,10/03/2024-14:00
Colin,Mayert,Queen.Dicki15@gmail.com,(929) 304-2711,52513 Amira Lock,04/04/2024-02:21
Elisa,Gibson,Tobin98@yahoo.com,317-413-2741 x16130,189 Maddison Junctions,04/04/2024-02:47
Jessy,Brekke,Jaclyn.Rowe21@yahoo.com,(471) 329-9931 x720,5816 Alejandrin Ridge,17/02/2024-23:47
Hayden,Conroy,Lillie22@yahoo.com,910.668.3203 x077,712 Giuseppe Street,15/11/2023-16:50
Teagan,Thiel,Alf41@gmail.com,350-528-1953,54368 Reinger Junctions,02/02/2024-18:46
Osvaldo,Bartell,Ian41@hotmail.com,202-431-8463 x2700,489 Marvin Cove,03/04/2024-00:57
May,Feest,Cary_Bednar@yahoo.com,1-390-961-4981 x77298,96970 S Maple Street,29/08/2024-12:37
Olga,Grimes,Kody79@gmail.com,1-873-976-5852 x528,2898 Cordelia Loaf,28/02/2024-18:37
Vickie,Littel,Eliezer.Klein@yahoo.com,1-918-616-4391 x5105,444 Oak Street,11/07/2024-00:47
Rene,Raynor,Christa.Purdy92@yahoo.com,1-274-563-8231 x62641,8960 W 2nd Street,14/04/2024-12:29
Suzanne,Balistreri,Hilda_Hahn@hotmail.com,(856) 478-1625 x4916,53033 Trantow Ways,27/06/2024-22:48
Joshua,Jast,Braxton.Rolfson@gmail.com,(826) 731-4036 x9888,5497 Bauch Knolls,14/04/2024-01:57
Mandy,Rowe,Craig.Gutkowski@hotmail.com,865-993-0080,5317 Alma Street,17/04/2024-11:58
Herminia,McDermott,Linnie_Rolfson@gmail.com,1-949-908-1030,967 Lenora Crossing,17/09/2024-10:25
Kobe,DuBuque,Kailyn93@hotmail.com,457.218.3210 x89960,868 Tianna Garden,10/12/2023-03:46
Jody,Gutkowski,Chauncey_Koelpin34@yahoo.com,1-624-369-7950,11619 Dietrich Cliffs,10/02/2024-02:14
Nels,Carter,Ken95@gmail.com,737.767.8755,818 Medhurst Valleys,04/04/2024-16:45
Betsy,Miller,Jerod.Nikolaus32@gmail.com,1-700-939-3520 x873,4537 Beahan Canyon,04/08/2024-11:13
Fermin,Walter,Rodolfo.Breitenberg@hotmail.com,605-556-6423 x155,2994 New Road,18/01/2024-21:37
Melany,Olson,Stuart55@yahoo.com,710-274-8163 x7846,8422 Claudia Field,08/12/2023-00:56
Wilfred,Kessler,Lou_Kassulke@hotmail.com,(383) 541-2302 x882,39421 Quarry Lane,12/10/2024-03:31
Ronny,Hoeger,Dillan8@gmail.com,(640) 853-7241 x97846,286 Josephine Cliffs,08/01/2024-04:31
Jarred,Baumbach,Mckenzie24@hotmail.com,474-954-1403 x876,4027 N Park Street,31/01/2024-07:15
Tyra,D'Amore,Delphine17@hotmail.com,266.374.8052 x7976,3734 N Broad Street,20/10/2024-07:46
Kaia,Lubowitz,Jazmyne99@hotmail.com,(427) 519-9917,34470 Eloise Valleys,25/01/2024-03:23
Mason,Willms,Hallie.Kshlerin22@gmail.com,1-668-860-7940,93798 Terrill Walks,15/02/2024-05:06
Uriah,Anderson,Marcelle.Gerlach@hotmail.com,1-209-258-6898 x81979,902 Verner Parkways,18/06/2024-23:08
Arden,Yundt,Billie46@yahoo.com,273.271.5943 x09363,248 Otha Pines,07/05/2024-09:07
Rozella,Stanton,Marianne49@hotmail.com,(293) 653-7132 x16503,590 Nikolaus Knoll,18/04/2024-19:28
Dangelo,Nikolaus,Tina.Gleichner2@yahoo.com,1-460-831-9825 x91829,243 Kaitlyn Stream,08/09/2024-08:03
Alivia,Zemlak,Liza.Batz@yahoo.com,820.555.3162 x487,9743 McCullough Viaduct,17/07/2024-14:24
Lilly,Cronin,Zaria.Christiansen98@yahoo.com,1-527-574-6255,4677 W 8th Street,01/05/2024-16:46
Hans,Wiza,Aliza.Harvey@hotmail.com,244-850-0419 x181,10088 Union Street,14/04/2024-08:35
Lottie,Feil,Roman45@yahoo.com,1-905-375-2293 x07148,1649 Windsor Avenue,30/12/2023-11:20
Rebeka,Balistreri,Joanne81@gmail.com,580.896.8269,56027 Greenville Road,14/03/2024-20:39
Maci,Bode,Brook.Hickle22@hotmail.com,218-312-5126 x800,589 Craig Forge,05/07/2024-05:47
Jody,Spinka,Braxton.Windler@yahoo.com,1-609-256-8090 x922,1401 Corkery Mount,08/01/2024-04:11
Zetta,Marvin,Adolfo.Murray30@yahoo.com,245.618.9890 x9529,979 Milford Plain,13/11/2023-01:05
Diamond,Schmitt,Maybelle_Hagenes19@gmail.com,(821) 354-3546 x4639,16472 Turcotte Creek,26/07/2024-19:39
Gabriel,Hammes,Serena_Hoeger@yahoo.com,(780) 762-3825 x9647,354 Constantin Ranch,06/06/2024-11:25
Craig,Simonis,Neil_Cummings27@hotmail.com,1-576-643-9811 x31954,833 Garry Place,10/02/2024-05:40
Dixie,Kuhic,Chad.Kihn2@hotmail.com,(806) 768-1898 x936,69778 Bath Road,11/01/2024-14:02
Cordia,Trantow,Orion_Stroman@yahoo.com,718-311-0265,513 Finn Forest,17/11/2023-19:57
Nathen,Homenick,Margaretta39@gmail.com,444.496.6547,83386 N 9th Street,15/03/2024-09:30
Austin,Crist,Leonel.Bode@hotmail.com,1-516-283-5780 x8561,39430 Samantha Landing,23/03/2024-08:26
Lyla,Sporer,Nathanial55@gmail.com,783.516.9027 x461,2892 Enos Village,15/11/2023-16:40
Alisa,Klein,Myrtis_Langosh@yahoo.com,864-437-7812 x29937,1781 Murphy Oval,05/08/2024-23:18
Lambert,Roberts,Adrain22@gmail.com,(794) 239-9709 x7809,55179 Woodland Close,15/04/2024-08:14
Newell,Hagenes-Marks,Abdul_Hilll18@yahoo.com,560-875-0659 x68657,77302 Morar Springs,05/08/2024-06:59
Lavern,Thompson,Sam.Kuhlman@hotmail.com,1-976-935-7608 x68889,542 Goyette Estate,07/09/2024-22:52
Lora,Wolff,Juliana99@gmail.com,1-490-464-1395,883 Windler Stream,16/06/2024-00:02
Issac,Bradtke,Trey_Jerde69@yahoo.com,606-617-3507 x47981,925 Pine Grove,13/02/2024-04:28
Chandler,Littel,Uriel37@yahoo.com,1-795-648-3333 x74826,93562 North Road,15/02/2024-20:10
Evan,O'Kon,Savannah_Franecki7@yahoo.com,(805) 492-3546 x044,984 Juwan Shoals,13/12/2023-17:39
Dion,Orn,Myles74@gmail.com,1-658-365-6638 x9661,76626 The Coppice,19/06/2024-20:03
Cordelia,Gusikowski,Vernie54@gmail.com,476-639-8912,8381 Schinner Rue,14/08/2024-01:25
Ivy,McLaughlin,Bertram95@yahoo.com,835.207.2986 x1727,168 S Central Avenue,06/11/2024-19:15
Hallie,McDermott,Blake_Konopelski54@yahoo.com,(407) 371-5679 x6118,90928 Kirstin Keys,14/04/2024-10:16
Luigi,Feil,Zane.Klocko77@hotmail.com,(281) 876-8490 x786,510 Kiehn Spurs,12/07/2024-18:08
Earnest,Klocko,Queenie.Powlowski@gmail.com,226-513-0782 x7808,4018 VonRueden Turnpike,16/09/2024-09:14
Llewellyn,Reynolds,Lola.Greenholt@yahoo.com,421.535.5445,890 Tod Rue,21/06/2024-17:49
Kennith,Wyman-Botsford,Roxane.Stokes-Predovic@yahoo.com,(407) 859-0461 x54044,4110 S 3rd Street,04/04/2024-12:27
Nash,Considine,Fredrick88@gmail.com,514.650.0587 x2360,60495 Carrie Mall,18/05/2024-18:28
Emanuel,Berge,Cordelia_Goyette20@hotmail.com,1-567-615-9899 x04034,40876 Cherry Close,31/01/2024-23:53
Macey,Bartoletti,Mohammed.McClure88@gmail.com,252-777-7900,907 Cormier Highway,20/11/2023-00:42
Eve,Fahey,Tommie37@gmail.com,1-897-415-8157 x30781,45577 Arvilla Wall,22/06/2024-02:24
Stanton,Stark,Colt_Walker65@gmail.com,675-496-1691 x8158,915 Crescent Road,12/12/2023-20:27
Haleigh,Leuschke,Kenyatta.Heathcote99@yahoo.com,820-923-7818 x1348,64440 Laron Center,05/06/2024-13:33
Benedict,Keeling,Scarlett.Goldner97@gmail.com,265.481.5087 x2443,85091 Nelson Road,10/02/2024-19:40
Imani,Stamm,Aleen.Dickens@gmail.com,395-724-6973,19453 The Willows,13/08/2024-04:03
Adonis,Hoppe,Mac46@hotmail.com,(642) 931-7975 x45436,695 Abbigail Ford,11/12/2023-23:21
Sedrick,Dooley,Nathen5@hotmail.com,(255) 366-6481 x206,5023 Bahringer Light,06/11/2024-10:29
Elliot,Olson,Sasha.Deckow@gmail.com,1-396-650-5597 x98973,767 Morar Rue,18/09/2024-08:33
Jarrell,Rath,Cathryn_Brekke@hotmail.com,556-644-6385 x2131,442 Bradford Ramp,07/08/2024-17:45
Horacio,Fay,Odell.Dietrich67@yahoo.com,998.411.0284 x89112,647 Roscoe Hill,10/02/2024-02:36
Karelle,Wolf,Maryam49@hotmail.com,909.978.9321 x942,70474 Osinski Spring,21/10/2024-21:23
Mellie,Jakubowski,Aylin.Pfannerstill@hotmail.com,1-414-673-6306,5465 Mill Lane,10/01/2024-09:33
Yoshiko,Roob,Rahsaan46@hotmail.com,(919) 678-5376,648 Gerson Coves,14/02/2024-20:18
Gustave,Dibbert,Janick.Larkin@yahoo.com,771.581.3132,5456 Wolff Mission,29/04/2024-12:29
Alyce,Sawayn,Skyla57@hotmail.com,470-858-0665 x2407,349 Olga Prairie,21/01/2024-10:30
Cali,Cronin,Tyreek_Swift@yahoo.com,(269) 549-9335,73421 Bahringer Extension,09/05/2024-05:30
Margarette,Walker,Jayson54@hotmail.com,(777) 467-0415,916 Lew Spring,30/07/2024-03:48
Shakira,Pagac,Ona.Mraz66@hotmail.com,(266) 527-1410,295 Maple Close,21/09/2024-05:32
Emilia,Mayert,Hosea_Harber@gmail.com,355-742-1073 x662,322 Ledner Lake,05/01/2024-07:46
Ashlynn,Welch-Donnelly,Benedict50@hotmail.com,272-674-2486 x8922,3917 Hermina Knolls,19/02/2024-11:56
Maye,Purdy,Misael80@gmail.com,761.590.6010 x08216,80623 N 1st Street,21/10/2024-02:08
Aryanna,Barrows,Kenna_OKon32@gmail.com,(398) 972-1032 x2045,27073 Bechtelar Burgs,01/02/2024-17:43
Torrance,Harvey,Lessie_Block@yahoo.com,(598) 680-4146 x951,36820 Lane Freeway,14/10/2024-06:05
Garret,Hirthe,Percival.Kessler@gmail.com,353-981-3183 x31564,184 E State Street,12/10/2024-22:24
Nicholas,Beatty,Jodie_Walter74@hotmail.com,(674) 247-0637,219 Antonette Park,10/01/2024-03:10
Jarod,Kozey,Eileen51@gmail.com,701.668.3001 x592,664 N Washington Avenue,07/06/2024-23:50
Hazle,Heathcote,Nathen_Von@yahoo.com,690-951-0117 x94595,538 Columbus Landing,27/01/2024-04:04
Karlie,Gleichner,Griffin_Ziemann@hotmail.com,586.444.3532 x735,30362 Steuber Knolls,30/06/2024-09:06
Rose,Thompson,Glennie.Stokes@yahoo.com,919-530-7797 x77462,94020 Abdiel Causeway,03/11/2024-18:28
Janae,Becker,Marge.Ruecker19@yahoo.com,(466) 888-3624 x26007,283 Chapel Close,19/08/2024-12:23
Francesco,Brown,Eladio.Bradtke51@hotmail.com,637.290.7124,7692 Braxton Walks,14/06/2024-20:47
Sienna,Deckow,Allan_Ward@gmail.com,(621) 727-0748 x7670,89646 Orchard Street,14/09/2024-07:36
Pietro,Franey,Jewel51@gmail.com,798-999-2048,33038 Rose Coves,26/01/2024-11:12
Ayana,Hermann,Lesley1@gmail.com,(379) 553-4497 x6343,4341 Hans Motorway,26/07/2024-21:37
Haylie,Corwin-Wolf,Sister_Lemke@gmail.com,301.533.9610 x9266,11543 Kingsway,01/07/2024-10:38
Tyler,Upton,Kianna83@yahoo.com,865.783.3744 x37261,7300 Odell Mill,15/09/2024-19:22
Ashlee,Heidenreich,Porter.Ziemann@gmail.com,237-722-9167 x2550,74288 Graham Hills,16/01/2024-02:55
Lia,Swift,Lorena57@hotmail.com,564-475-3607 x4242,9992 Yadira Track,16/07/2024-15:05
Morgan,Kutch,Elsie46@yahoo.com,980.950.7789 x80496,90182 Kale Field,08/07/2024-09:00
Brooklyn,Wuckert,Christelle.Crooks72@gmail.com,1-316-945-0564 x5643,9359 W Union Street,25/04/2024-03:36
Jesus,Little,Tristin97@yahoo.com,300.273.2107,6989 W 7th Street,05/09/2024-00:32
Malcolm,Treutel,Jack.Emmerich97@hotmail.com,(452) 988-1238,7974 Eleanora Ports,24/08/2024-09:29
Julio,Hintz,Rigoberto.Wilkinson51@hotmail.com,642.944.6150 x2003,44170 Micah Hills,20/01/2024-02:52
Tabitha,Klocko,Gina69@hotmail.com,1-620-518-6429 x061,51983 W Broadway Avenue,12/09/2024-18:15
Bill,Hessel,Janiya97@gmail.com,(229) 297-3421,113 Kali Creek,03/07/2024-20:19
Emie,Weber,Davonte90@gmail.com,521-301-5071 x688,7395 Woodside,20/05/2024-18:15
Marjolaine,Gulgowski-Jerde,Kane54@gmail.com,1-822-237-1119 x0426,274 Yoshiko Camp,10/08/2024-02:23
Elliott,Herzog,Alek_Dare-Brekke@hotmail.com,293-653-2016 x9477,5373 Johnston Key,04/09/2024-02:41
Judy,Lebsack,Mae50@gmail.com,(319) 757-1310 x290,45308 Hane Canyon,14/10/2024-20:05
Alanis,Hermiston,Chanelle_Kilback7@hotmail.com,530-867-9388,5606 Norval Pine,21/01/2024-14:16
Nicholas,Buckridge,Rollin_Orn@hotmail.com,914-864-8866,691 Rutherford Spurs,26/07/2024-17:12
Rodrick,Schultz,Luther_Mayer@yahoo.com,543.811.0886 x085,548 Beechwood Avenue,06/02/2024-22:20
Zelda,Wuckert-Hauck,Mitchell11@yahoo.com,914-465-7143,6758 Weber Parkways,31/08/2024-06:39
Luciano,Stroman,Willis_Mayer78@yahoo.com,(623) 709-5111 x06818,1234 Meadow View,13/11/2023-18:41
Buck,Hand,Edna20@yahoo.com,439-644-3181,328 Trey Green,28/07/2024-16:13
Ofelia,Okuneva,Nathen.Kilback@gmail.com,1-647-560-8257 x755,6913 Giuseppe Garden,13/08/2024-11:19
Makenzie,Larkin,Ollie.Powlowski-Stoltenberg54@gmail.com,(449) 504-2947,848 Schuster Plaza,10/02/2024-14:58
Hellen,Greenholt,Pinkie_Ward55@yahoo.com,(483) 782-0363,68828 Josefina Neck,01/09/2024-22:35
Neal,Connelly,Arch_Purdy52@gmail.com,841-282-7079,34686 Cara Path,01/07/2024-11:28
Gene,Kessler-Hegmann,Tanner.Prosacco@hotmail.com,401-765-4302 x685,66662 Woodlands Avenue,13/12/2023-05:14
Meagan,Murray,Archibald.Kshlerin20@gmail.com,(535) 643-8122 x8522,27837 Reinger Gateway,09/12/2023-13:50
Nico,Price,Jeramy4@gmail.com,(719) 644-0728 x267,340 N Maple Street,07/03/2024-05:33
Elenor,Crona,Katarina97@gmail.com,675-973-1804 x641,45266 Koch Mountain,10/09/2024-11:14
Lauryn,Schuster-Ryan,Tyshawn_Grant@hotmail.com,451.605.7967 x864,152 Witting Crescent,03/10/2024-02:01
Willie,Prohaska,Tyree.Dibbert@yahoo.com,828-965-3991,5152 Stanton Row,21/07/2024-11:19
Theron,Mueller,Jamaal.Bednar26@hotmail.com,(656) 954-4602 x737,280 Olson Orchard,28/04/2024-11:18
Kailee,Bergnaum,Deanna.Windler61@yahoo.com,(784) 209-0351 x6058,19634 Guillermo Mountain,29/10/2024-05:57
Kendrick,Renner,Lesly88@gmail.com,842-507-7118,93609 Cronin Courts,17/11/2023-15:15
Gerhard,Walsh-Greenfelder,Mollie26@hotmail.com,605-816-1077 x884,23761 Kirlin Camp,23/09/2024-04:50
Rashad,Larkin,Neoma_Cremin@hotmail.com,(551) 849-6860 x5428,651 Violet Loaf,11/10/2024-19:59
Crystel,Ernser,Cassandra_Dickinson@hotmail.com,1-460-387-1634 x00618,246 E Union Street,09/08/2024-01:36
Jules,Simonis,Dion29@yahoo.com,528-414-6913 x97011,6055 W 14th Street,13/02/2024-07:39
Rachel,Hermann,Maxine_Kulas88@yahoo.com,(785) 868-3694,4042 Hilton Forest,04/02/2024-20:37
Antonette,Graham,Bailey.Moen82@gmail.com,217.464.8402,92001 Wilderman Meadow,02/11/2024-21:31
Keeley,Waelchi,Ayla.Conroy@hotmail.com,779-669-6892 x97595,65329 Ella Forge,04/06/2024-03:22
Rosalind,Osinski,Stephanie99@gmail.com,(401) 362-5218 x981,9635 Windsor Avenue,27/12/2023-02:37
Ramona,Price-Greenfelder,Jamaal_Connelly@yahoo.com,1-832-614-1521 x69577,280 Bednar Curve,23/08/2024-22:20
Kiera,Hammes,Jennyfer28@hotmail.com,803-720-1302 x46915,902 Ada Rue,12/08/2024-02:06
Beth,Nienow,Delilah_Schultz@yahoo.com,1-367-276-9051 x54801,25691 Balistreri Cove,27/11/2023-14:15
Cecilia,Schimmel,Cole.Huels23@hotmail.com,1-437-498-4117 x197,5189 School Close,05/10/2024-09:54
Lenna,Volkman,Adrien.Muller42@hotmail.com,939.858.2385 x919,757 Jarod Cliff,23/12/2023-17:02
Ford,West,Delia17@gmail.com,(934) 741-7546 x251,30048 Low Road,08/06/2024-10:43
Candido,Kilback,Berniece.Mohr34@hotmail.com,1-493-842-9184 x700,411 Fisher Park,26/12/2023-04:12
Gladyce,Bergnaum,Johanna57@gmail.com,1-574-849-8130 x70487,3638 Langosh Alley,17/07/2024-01:31
Eriberto,Will,Lelia.Lebsack@yahoo.com,336.909.2436,53248 Woodlands Close,21/12/2023-05:38
Evalyn,Deckow,Gilda1@hotmail.com,409.276.9422,31630 Collins Groves,05/05/2024-03:40
Amir,Kuvalis,Sherman.Abbott6@hotmail.com,205.386.0143 x201,508 Malcolm Radial,14/10/2024-18:45
Salvador,Kuhn,Edd48@gmail.com,509-307-1826,636 Oxford Road,26/10/2024-07:11
Delfina,Kris,Mary.Kozey70@hotmail.com,432.341.5573,199 The Beeches,17/07/2024-14:59
Jarrod,Blick,Eugene8@hotmail.com,676-330-7190 x5180,5902 Bosco Island,22/09/2024-00:41
Tessie,Wuckert,Rosina1@hotmail.com,988.710.7164,89924 Oak Drive,24/02/2024-07:13
Annette,Connelly,Drew.Dare@hotmail.com,746-733-3421 x431,80639 Frida Dam,06/10/2024-14:15
Cheyanne,Auer,Kelsi_Hills@yahoo.com,(439) 475-5238 x618,465 N Main,10/07/2024-15:33
Lucious,Bradtke,Arvilla50@gmail.com,(853) 526-2440 x6297,3094 Fourth Avenue,24/11/2023-14:09
Dino,Lueilwitz,Alex.Shanahan-Runolfsdottir@yahoo.com,(846) 883-4150 x9293,64497 E Main Street,19/12/2023-19:34
Francesco,Luettgen,Kelsie2@hotmail.com,1-351-777-1540 x52923,782 Harris Park,26/09/2024-20:56
Edwin,Rodriguez,Providenci69@gmail.com,(896) 421-4210 x775,39682 Blind Lane,12/07/2024-12:45
Francis,Ledner-Conn,Lurline_Dach44@yahoo.com,1-583-960-6587,10531 3rd Avenue,15/02/2024-20:36
Eleanora,Gerhold,Selena.Mills@hotmail.com,1-501-380-7545 x020,117 S Jefferson Street,20/01/2024-13:03
Vito,Gibson-Klocko,Laurie.Herman@hotmail.com,497.647.6188 x367,6767 Third Avenue,31/05/2024-23:22
Milton,Emard,Florence.Thompson96@yahoo.com,767.742.6765 x5769,8567 Church Avenue,04/05/2024-07:03
Marianne,Kovacek,Leif.Skiles@hotmail.com,(491) 238-6143 x4042,68391 Washington Street,01/11/2024-22:23
Alvis,Mertz,Sheridan.Mayert@gmail.com,1-690-801-3835 x115,6949 Carmen Hills,31/05/2024-19:46
Eriberto,Jacobi,Oren.Wintheiser5@yahoo.com,732.391.3984 x05883,317 S 5th Street,22/04/2024-06:21
Eleanore,Monahan,Jeromy_Hahn17@hotmail.com,890.408.7669,211 Cow Lane,15/05/2024-23:53
Katrina,Bode,Cortez_Cole32@gmail.com,(457) 576-2307,6320 Addie Pines,16/11/2023-12:44
Elda,Berge,Juston.Klocko@hotmail.com,1-902-888-6759 x479,4218 Schiller Stream,02/05/2024-07:51
Zelda,Bergstrom,Claudine_Pfannerstill-McKenzie@hotmail.com,(468) 712-8633 x60267,60144 Zander Parkways,23/11/2023-13:31
Magnus,Keebler-Lowe,Amber_Stoltenberg@yahoo.com,(606) 425-6288,82330 Leannon Pines,30/11/2023-22:30
Cleta,Kling,Mitchel.Wisoky32@gmail.com,1-664-853-4499 x2967,4916 Keeley Falls,26/02/2024-17:02
Fae,Renner,Lennie70@gmail.com,894.513.3597 x40030,388 Frederique Center,19/12/2023-08:09
Brittany,Howell-Moen,Julianne74@gmail.com,811-796-9496 x729,4861 Hermann Way,05/11/2024-09:17
Zackery,Hills,Era_Howell@gmail.com,880-455-3600,9237 Pine Street,11/02/2024-13:41
Jettie,Cartwright,Ethel_Haley98@gmail.com,456-767-6485,343 Clementine Walk,19/01/2024-10:38
Abdiel,MacGyver,Aubrey.Klocko-Schultz95@gmail.com,1-723-454-6933 x95310,125 N 7th Street,11/01/2024-18:07
Tony,O'Kon,Cathryn.Schuppe@yahoo.com,(956) 668-8960 x62124,2460 Walter Lake,01/05/2024-04:23
Cierra,Cartwright,Tom.Turcotte-Carroll31@gmail.com,1-620-511-3784 x49467,3926 Main Road,03/06/2024-22:06
Pansy,Herzog,Francesca.Boyer88@gmail.com,774-684-7119,15928 Halvorson Lights,25/03/2024-16:52
Bryana,Kuhn,Nyasia_Dickens29@gmail.com,998-924-2018 x515,9653 Windsor Avenue,18/07/2024-09:50
Terry,Paucek,Jarrell22@yahoo.com,741.653.6579 x005,88638 Schuppe Green,04/09/2024-19:27
Kendrick,Pacocha,Graham.Anderson73@yahoo.com,219-492-0791 x16521,1657 Waters Ridge,10/05/2024-02:41
Dawn,Stroman,Tatum_Blanda@gmail.com,1-544-829-2167,262 Skylar Overpass,10/06/2024-23:07
Gilberto,Abernathy,Tressie.Goldner56@yahoo.com,915.356.4829,62532 Kunde Falls,22/10/2024-02:17
Keanu,Marquardt,Rylan_Crist43@gmail.com,(405) 203-4537,791 Broad Lane,21/04/2024-03:27
Michaela,Corkery,Adam.Harvey@hotmail.com,(392) 935-8092,973 Lake Avenue,04/04/2024-13:16
Alessandra,Green,Jennie.Davis48@gmail.com,564.406.7764 x696,97622 Gleichner Villages,17/03/2024-12:07
Madge,Effertz,Lilla_Aufderhar@gmail.com,1-836-348-7723 x9953,5037 Parkside,15/01/2024-21:14
Carli,Brakus,Ayana_Gutmann49@hotmail.com,476-388-0630 x1838,63631 Victoria Road,17/03/2024-15:13
Jordyn,Weber,Roman.Kovacek@gmail.com,(708) 695-6822 x92167,769 Florencio Courts,29/04/2024-13:21
Milton,Leffler,Garnett.Kemmer@hotmail.com,1-752-501-8416 x3448,61075 Homenick Route,18/03/2024-20:20
Titus,Hand,Juliana.Grant@gmail.com,1-835-642-9362 x2032,336 Bosco River,18/04/2024-20:37
Sarah,Spinka,Aditya72@yahoo.com,770.319.4552 x013,448 Forest Avenue,15/03/2024-10:50
Maryam,Davis,Maritza.Trantow49@gmail.com,588-891-5071,994 Bay Street,20/01/2024-22:28
Lupe,Hills,Alexanne.Welch53@hotmail.com,845-742-1356,145 Coty Park,30/12/2023-08:09
Fay,Kuhic,Ezequiel_Ratke@hotmail.com,583-778-7964 x56717,919 Kerluke Rest,16/11/2023-16:46
Jamaal,Becker,Dudley_Crist@hotmail.com,930.423.7359 x1665,449 Emmerich Vista,22/11/2023-17:26
Landen,Bode,Ellen56@hotmail.com,(242) 415-7683 x85107,7018 Zaria Inlet,27/11/2023-05:22
Delphia,Green,Maxwell28@hotmail.com,714.835.7246 x30221,44558 Jarred Route,17/09/2024-17:45
Zola,Effertz,Oda_Little0@gmail.com,813.383.9352 x6362,4175 W 6th Street,14/04/2024-04:50
Maiya,Senger,Verona74@gmail.com,1-456-491-5483 x734,609 Loyal Throughway,16/03/2024-16:30
Joy,Lueilwitz,Zora.Hodkiewicz12@yahoo.com,1-395-797-0247 x2954,5538 Mueller Rapids,17/02/2024-17:26
Antwon,Vandervort,Jonatan_Leffler@hotmail.com,324.562.1901 x52306,521 Beechwood Avenue,15/06/2024-01:12
Rafael,Lehner,Juana36@yahoo.com,(751) 378-3795,7877 Autumn Glen,15/01/2024-14:30
Bryce,Mertz,Camille_Beahan70@gmail.com,210.786.0767 x92654,5373 Bartholome Spring,17/08/2024-23:01
August,Hintz,Nat_Lindgren@gmail.com,(360) 567-5139,2714 Court Street,04/02/2024-06:39
Clemens,Bashirian,Abbigail_Baumbach2@gmail.com,1-401-441-1665 x06006,573 Maida Mount,09/10/2024-01:22
Flavie,Terry,Weston8@yahoo.com,(285) 791-7585 x2625,19952 Beatty Stream,25/02/2024-22:57
Krystina,Keeling,Lionel0@gmail.com,(501) 401-9064,4831 Mallie Lodge,24/07/2024-01:54
Rick,Rogahn,Steve.White@yahoo.com,992-687-4578 x93569,95891 Marquise River,09/07/2024-19:52
Kaley,Kreiger,Evangeline8@yahoo.com,792-988-2278,20555 W Elm Street,30/04/2024-01:26
Moriah,Collins,Shaina24@yahoo.com,(894) 238-0044 x106,80049 Lehner Spring,16/02/2024-03:01
Meagan,Nolan,Quinn11@yahoo.com,1-598-641-0081 x743,5228 Karlee Estates,27/07/2024-07:10
Johnny,Hilpert,Rylee.McKenzie@hotmail.com,(535) 464-2607 x690,962 Nader Crescent,05/12/2023-13:25
Maude,Buckridge-Bernhard,Francesco_Stroman@hotmail.com,1-761-911-7192 x1669,54948 Rory Curve,08/12/2023-19:05
Sonny,Roberts,Dorothy_Hamill@yahoo.com,455-666-3678 x75386,431 Barn Close,02/02/2024-15:00
Shad,Kautzer,Leanna_Mueller48@yahoo.com,(756) 696-9600 x2966,6604 Hilpert Gardens,08/03/2024-17:40
Merlin,Hayes,Lorenza80@yahoo.com,1-719-996-0056,107 N 8th Street,26/09/2024-11:51
Giuseppe,Swift,Josefina.Graham60@hotmail.com,(795) 297-7800 x22772,276 Aspen Close,16/08/2024-22:59
Moshe,Swift,Lavinia52@hotmail.com,1-503-522-8673 x48225,3652 Stroman Valleys,29/12/2023-10:52
Halie,Wunsch,Jimmy.McClure@gmail.com,877-764-0281 x3119,94175 Hoppe Hills,04/08/2024-05:49
Bertha,Wehner,Delia72@hotmail.com,1-925-286-2193,45573 Birch Grove,30/06/2024-13:28
Wilton,Feest-Kessler,Tianna.Howe26@gmail.com,(759) 351-8515,516 Gleichner Cape,21/10/2024-17:59
Jayden,Thiel,Zora_Leuschke15@yahoo.com,327-716-8843,249 Merle Landing,12/01/2024-17:34
Sabrina,Koss,Harry32@yahoo.com,969.236.6138 x819,365 Cherry Close,03/02/2024-07:02
Ava,Paucek,Zula_Kuhic@hotmail.com,(388) 516-3997 x36366,494 Witting Parkway,29/06/2024-19:35
Ricardo,Medhurst,Eudora.Hayes13@gmail.com,(452) 697-2790,94126 Bergstrom Causeway,29/05/2024-09:34
Daija,Collins,Lucinda.Gulgowski@hotmail.com,686.732.6266 x406,667 Darrion Shoal,14/05/2024-18:18
Pascale,Heaney,Pauline_McGlynn@yahoo.com,853-622-4226 x6611,362 Swift Ridges,25/07/2024-00:52
Haleigh,Senger,Keeley23@hotmail.com,357-428-2805 x2813,89753 Saige Mews,27/12/2023-03:23
Santa,Deckow,Jerod_Bosco53@hotmail.com,1-274-898-5951 x99085,47564 Meagan Center,29/04/2024-17:19
Melvina,Hoppe,Alden.Pfeffer84@hotmail.com,(570) 742-6940 x9861,153 James Street,13/10/2024-14:26
Abdullah,Hoppe,Ulises.Sauer76@gmail.com,(596) 333-9898 x6689,98319 Bill Tunnel,10/12/2023-11:35
Arely,Kassulke,Jayden.Bauch@hotmail.com,1-666-741-0534 x8004,302 Kuphal Manors,31/01/2024-18:40
Sarah,Boyle,Devyn.Rath14@hotmail.com,763.843.1290 x7563,494 Stephon Turnpike,08/06/2024-03:14
Teagan,Connelly,Janick_Rutherford@yahoo.com,(841) 456-7511 x496,318 Annamarie Views,09/11/2024-00:06
Theresa,Tillman,Amanda37@gmail.com,(670) 877-7075 x562,35420 Garrison Brooks,28/02/2024-00:45
Mitchell,Kiehn,Georgette_Altenwerth95@gmail.com,(747) 443-9353 x1312,15702 Judah Circle,13/08/2024-05:15
Rosemarie,Lehner,Katelin_Cummings@gmail.com,311.587.9654,62540 Station Street,26/01/2024-07:05
Lexie,Hamill,Deontae78@yahoo.com,(420) 835-9745 x92570,7879 Abernathy Court,15/03/2024-16:51
Ruthie,Olson,Parker_Haley@hotmail.com,968-231-6890 x7186,9006 Nelson Street,30/12/2023-02:29
Monserrat,Mann,Linda.Wiza@hotmail.com,1-924-987-2058 x087,1178 5th Street,22/09/2024-00:41
Haylee,Kohler,Norberto_Swaniawski56@yahoo.com,387-655-5498 x604,5663 Annie Flats,16/10/2024-08:54
Chadd,Krajcik,Stephan_OConner74@yahoo.com,(939) 229-0435,1989 Marjory Green,15/03/2024-18:04
Ana,Runte-Bogan,Marc23@yahoo.com,956.922.9546,67620 Kuhn Underpass,08/01/2024-16:05
Andreanne,Crona,Garrett_Bogisich@yahoo.com,540-424-6990 x010,42311 South Road,23/11/2023-17:07
Napoleon,Sipes,Lavonne_Nitzsche75@gmail.com,1-709-761-0479,778 Stanton Brooks,16/08/2024-22:53
Aurore,Halvorson,Pansy_Pfannerstill@hotmail.com,(488) 517-4680,46179 Oaklands,11/02/2024-07:13
Enos,D'Amore,Cornell.Nolan@hotmail.com,846.333.1233 x3201,7187 N State Street,21/06/2024-11:08
Keara,O'Conner,Merritt.Toy31@gmail.com,1-402-810-1172 x544,813 Marsh Lane,07/01/2024-15:07
Idella,Durgan,Ramona.Hessel91@gmail.com,1-840-309-2997 x133,15524 Osinski Land,11/03/2024-22:15
Daisha,Funk,Queenie44@gmail.com,268-268-7827 x597,34863 Laura Pass,29/07/2024-17:18
Zechariah,Gerhold,Kadin_Gerhold@gmail.com,250.604.7736 x360,172 Kelsie Terrace,30/12/2023-22:50
Ramiro,Ritchie,Norberto_Braun-Ankunding@gmail.com,1-836-811-1737 x79438,95565 Walnut Street,06/09/2024-08:09
Georgette,Raynor,Marcia66@yahoo.com,812-972-2722 x6493,887 Schaden Green,23/09/2024-16:19
Jules,Reichert,Molly.Bauch45@gmail.com,540-438-7630 x409,26721 Airport Road,21/08/2024-06:50
Gayle,Rempel,Werner36@hotmail.com,568-209-3877 x2134,26130 Augusta Dale,10/10/2024-13:39
Gayle,Cummings,Elouise.Mayert@gmail.com,374-720-4131 x25613,30425 N Broadway,07/06/2024-20:24
Emerald,Rippin,Camilla28@hotmail.com,483-334-7360 x1119,1813 Lincoln Road,02/12/2023-11:40
Charley,Nienow,Nickolas_Green@hotmail.com,252-658-6773,26423 Klocko Garden,29/05/2024-16:27
Gracie,Bode,Virgil52@yahoo.com,(215) 786-3573 x79830,2030 Candelario Wells,18/10/2024-11:59
Carlo,Kirlin,Chadd_Runte@gmail.com,1-964-509-0499 x4219,960 Skiles Oval,20/03/2024-00:06
Margarett,Rodriguez,Dena_McLaughlin@yahoo.com,227-617-9845 x30784,9489 Anika Crescent,27/08/2024-16:48
German,Erdman,Darryl_Heller81@hotmail.com,1-356-391-2531 x6896,551 Jeanne Extension,03/12/2023-09:18
Cedrick,Lockman,Aileen_Haley@hotmail.com,830-808-5933 x26028,101 Elnora Trace,30/12/2023-10:29
Clint,Hackett,Keeley43@yahoo.com,(601) 762-9204 x674,564 Alejandrin Streets,06/09/2024-10:31
Willis,Goodwin,Leila_Donnelly@gmail.com,(433) 937-1921,3837 Gia Cove,18/10/2024-13:50
Alvera,Wehner,Thurman29@yahoo.com,1-813-408-8933 x2374,690 Murray Valley,12/08/2024-19:53
Joannie,Hyatt,Betsy.Mraz46@yahoo.com,700-469-4374 x6131,478 College Avenue,01/05/2024-21:52
Kraig,Bashirian,Maymie_Crona21@hotmail.com,(917) 406-8114 x72537,72872 Electa Extension,04/03/2024-13:01
Jo,Donnelly,Omer63@gmail.com,204.973.6075,5055 Cremin Locks,17/06/2024-16:40
Joanny,Osinski,Angelo59@hotmail.com,1-991-857-9743 x4400,8867 Medhurst Hill,06/07/2024-13:19
Earline,Purdy,Odell_Braun76@gmail.com,(454) 757-3876 x15747,28681 St Mary's Close,09/08/2024-17:11
Maia,Gusikowski,Sigurd_Keebler@yahoo.com,520.270.0437 x1317,1258 Graham Estates,18/08/2024-20:15
Andre,Torphy,Jamarcus_Nikolaus39@hotmail.com,262.644.3554,717 Main Street W,05/08/2024-05:00
Cameron,Dickens,Gloria_Terry39@gmail.com,1-615-951-6068 x74197,246 Gudrun Flat,08/02/2024-16:36
Delphia,Wisoky,Hadley.Daugherty@hotmail.com,969-238-0480 x2522,28859 Georgianna Parkways,06/11/2024-20:40
Markus,Bechtelar,Rudy_Hudson14@hotmail.com,469.979.7374 x265,96674 Osinski Burgs,17/10/2024-20:08
Nettie,Mills-Dibbert,Orlo_Kreiger63@gmail.com,1-281-637-1619 x9342,12704 Rogahn Corners,19/09/2024-21:46
Gilda,Kirlin,Erica12@yahoo.com,1-740-803-9387 x85626,5755 W 4th Avenue,09/12/2023-10:03
Mitchel,Gibson,Leanna56@yahoo.com,337-376-9900 x855,70002 Pearl Street,28/09/2024-14:31
Colton,Hermiston,Aiden_Schmeler@yahoo.com,357.914.5232,80393 S 1st Street,13/03/2024-01:30
Maximus,Wilkinson-Watsica,Donna.Hessel@yahoo.com,(235) 611-3459,6683 Grange Close,29/01/2024-05:51
Brenda,Schuppe,Kirsten_Stark@hotmail.com,852.935.3823 x8539,580 Goodwin Park,13/11/2023-14:30
Carli,Volkman,Maurine_MacGyver52@gmail.com,(208) 244-6473 x44942,2146 Neva Trail,12/07/2024-01:47
Annabell,Connelly,Nash.Lubowitz70@gmail.com,734-591-6834,438 N 7th Street,07/01/2024-18:59
Libbie,Hoeger,Candace.Gerhold@yahoo.com,757.668.1894 x97496,8740 Misty Terrace,01/02/2024-11:57
Lilly,Hessel,Hilma.Mante@yahoo.com,(964) 446-5667 x1554,31674 New Lane,12/01/2024-22:41
Jacklyn,Bashirian,Dina_Feest25@hotmail.com,1-628-793-7765,418 Park View,25/04/2024-17:48
Tierra,Brown,Thurman_Rice38@hotmail.com,(371) 294-0849,3273 Roman Way,14/09/2024-14:20
Otto,Glover,Hattie83@hotmail.com,811-925-8142,7535 Cormier Union,12/05/2024-04:50
Nicklaus,McKenzie,Walton.Gibson46@gmail.com,353.282.7933 x89576,1893 Silver Street,11/04/2024-03:22
Jeramie,Lueilwitz,Rita_Dicki88@hotmail.com,439-421-5011 x4788,9021 Spring Street,24/11/2023-19:39
Jaqueline,Bartoletti,Amie17@gmail.com,1-536-939-0264 x4501,3335 Catherine Land,08/12/2023-16:06
Thurman,Lakin,Ramiro26@yahoo.com,(586) 451-1289,831 Post Road,08/08/2024-01:38
May,Gleichner,Blanche_Rolfson@yahoo.com,(855) 255-9009,449 Bailey Grove,23/11/2023-12:56
Maynard,Heaney,Dorothy96@hotmail.com,(456) 963-4049,8769 Swift Rest,03/11/2024-18:22
Nelda,Larson,Kavon41@yahoo.com,638-456-2467 x0521,554 S Pine Street,14/06/2024-00:40
Conrad,Hirthe,Vance.OReilly42@gmail.com,316-411-8162 x682,14908 The Paddock,10/06/2024-11:08
Priscilla,Swaniawski,Thea.Lueilwitz16@gmail.com,884-731-2993 x9165,560 Ambrose Mews,03/10/2024-18:08
Sister,Koelpin,Derick_Denesik@hotmail.com,856.687.9836 x91105,2526 Woodlands Close,04/10/2024-13:15
Gregg,Ernser,Brisa.Moen@hotmail.com,1-955-231-8422 x755,5985 Jevon Dale,14/09/2024-00:20
Lauren,Vandervort,Laila_Barton28@yahoo.com,384.883.6337,53758 W Market Street,08/07/2024-07:40
Earline,Nitzsche,Rico_Zemlak25@hotmail.com,729-254-4287 x71349,676 Emelie Court,21/01/2024-11:16
Henriette,White,Reba_Dare13@gmail.com,(448) 377-0075 x178,6771 North Lane,13/08/2024-23:17
Hope,Hahn,Tristian.Keeling@gmail.com,1-796-242-3508 x60470,6195 Mariah Mill,12/10/2024-10:25
Boyd,Roberts,Kristian.Bogan@yahoo.com,382-733-6375 x85587,2849 Gordon Brook,17/07/2024-17:01
Jeramy,Bechtelar,Irma46@gmail.com,1-599-892-2633 x25443,3328 Ziemann Haven,13/06/2024-07:08
Blaze,Grimes-Schowalter,Davon_Weber@hotmail.com,544.596.7392 x5634,188 Cole Flat,07/05/2024-23:01
Elenor,Lehner,Retta88@hotmail.com,812-487-8491 x0672,24875 Orchard Street,13/09/2024-08:22
Timothy,Lebsack,Cindy12@yahoo.com,929.307.5393 x2316,16757 Hermann Crossroad,29/01/2024-00:22
Santina,Maggio,Brody.Crooks@hotmail.com,(839) 204-1127 x797,8167 Nienow Extensions,02/06/2024-12:31
Clyde,Kris,Esta_Koss@hotmail.com,274.613.5722 x967,33927 Crona Station,05/09/2024-20:01
Archibald,Adams,Emilie2@yahoo.com,1-359-673-4298 x8374,763 Nightingale Close,14/02/2024-12:33
Jeremie,Yost,Bill76@gmail.com,(518) 641-8773,53623 Haley Inlet,22/01/2024-10:49
Casper,Wuckert,Blaise.Schowalter95@hotmail.com,493-578-2054 x47503,9850 Hilton Valleys,27/08/2024-02:02
Emerald,Schuster,Vivian_Willms@yahoo.com,825.572.3923 x39517,607 Lucy Corner,28/05/2024-03:26
Keon,Kihn,Judson.Fadel-Durgan45@gmail.com,(376) 453-0176 x2017,912 Erdman Forge,05/03/2024-03:25
Euna,Ebert,Clotilde_Wisozk75@gmail.com,464-608-8349 x08785,89409 Rau Forks,16/02/2024-22:32
Roderick,O'Connell,Nick10@hotmail.com,(804) 202-9841,6417 Jacey Court,21/11/2023-15:46
Zaria,Goldner,Donavon87@gmail.com,(748) 326-9799,7157 Albany Road,01/02/2024-14:54
Jaquelin,Hodkiewicz,Allen62@gmail.com,950-226-6314 x21979,9850 Depot Street,09/10/2024-09:21
Marcos,Bins,Samara99@gmail.com,933.250.1971,59308 Nils Well,10/08/2024-01:29
Shanon,Feeney,Lauryn_Kuhn1@hotmail.com,1-951-815-4515 x11830,7231 Remington Burg,27/03/2024-06:29
Cynthia,Kutch,Agustina.Windler@yahoo.com,1-221-690-7477 x6128,244 Nia Oval,06/03/2024-13:33
Hope,McGlynn,Stephen_Gerhold@hotmail.com,1-473-920-3808 x6022,515 Malcolm Circle,06/09/2024-21:32
Danial,Kovacek,Danny.Purdy@gmail.com,1-803-735-5269 x815,3901 E Bridge Street,21/06/2024-08:00
Rubie,Zieme,Avery2@gmail.com,(994) 394-5702 x25083,4166 Metz Burg,06/01/2024-17:21
Elwin,Gutmann,Marguerite39@hotmail.com,246.324.7059,447 W Union Street,27/04/2024-07:49
Lauren,Beahan,Queenie32@hotmail.com,711.295.0682 x8473,342 Dewayne Street,18/08/2024-03:38
Jazmyn,Kuhn,Marilyne47@yahoo.com,577-778-9466 x2263,9116 Virgie Motorway,22/02/2024-18:53
Jonathan,Collins,Lon_Strosin@gmail.com,1-941-941-5708 x42740,1742 N 4th Street,19/06/2024-21:14
Evelyn,Corkery,Keyon.Schaden@gmail.com,560-554-8522 x888,309 Sycamore Avenue,03/07/2024-14:14
Mateo,Johns,Vivienne96@hotmail.com,(805) 208-6814,147 Hessel Passage,09/11/2024-08:10
Courtney,Fritsch,Simone_Labadie87@gmail.com,(450) 829-3971 x039,97297 Roscoe Corners,10/01/2024-20:51
Ceasar,Braun,Katheryn.Leffler55@gmail.com,(717) 493-2536 x14166,673 Kunde Shoals,12/07/2024-10:21
Lorenz,Hyatt,Lamont.Tromp@gmail.com,(406) 423-3161 x4059,19536 Nienow Fork,04/10/2024-07:23
Kari,Mueller,Shakira_Purdy@gmail.com,1-360-421-0467 x8253,16424 Juniper Close,04/10/2024-04:45
Elda,Klocko,Keshawn.Gislason@gmail.com,452-400-0687 x6073,38596 Chestnut Grove,26/10/2024-07:08
Eddie,Stoltenberg,Patience_Tremblay@gmail.com,986.504.7375 x077,58914 Valentina Crossroad,14/01/2024-15:31
Juana,Schimmel,Dax0@gmail.com,540-615-2782 x8134,737 S Broad Street,29/05/2024-07:54
Rosalyn,Beier,Camylle_Schultz@yahoo.com,766.651.1696 x7330,28979 Pound Lane,17/03/2024-18:31
Haley,Keebler,Gaston.Gerlach66@gmail.com,466-434-5972 x076,406 Heron Close,19/10/2024-14:40
Crystel,Stokes,Jamal.Lueilwitz@gmail.com,1-464-874-4635,665 Lincoln Highway,03/04/2024-07:57
Ella,Bartoletti,Hailey.Mann@hotmail.com,239.338.5327,377 Church Street,15/03/2024-16:46
Buck,Pouros,Friedrich_Zemlak42@gmail.com,1-252-967-0167 x76810,400 Beech Drive,30/01/2024-22:42
Reymundo,Huels,Mollie34@hotmail.com,975.794.0007 x425,7506 E 8th Street,12/07/2024-01:13
Daphney,Crona,Jasmin.Terry@hotmail.com,1-998-891-6446 x256,44704 Beechwood Avenue,30/10/2024-03:10
Dayne,Jaskolski,Astrid_Bergnaum@yahoo.com,1-446-854-4291,4879 Rohan Junction,25/04/2024-05:16
Melyna,Bednar,Kennedy28@gmail.com,(287) 900-7765 x3025,849 Dolly Shoal,30/03/2024-01:22
Katlyn,Corwin,Kiara21@yahoo.com,746.637.9736 x505,343 Hartmann Plains,10/08/2024-13:05
Brook,Gutmann,Raul_Wiza17@yahoo.com,(977) 998-8564,223 Garden Street,21/07/2024-08:14
Aubrey,Lockman,Carlotta61@gmail.com,247-990-5338,1525 Bethel Junction,06/05/2024-12:38
Corbin,Buckridge,Estefania_Fadel82@yahoo.com,957-706-4817 x3022,9024 Brandon Islands,29/10/2024-03:56
Sherman,Jakubowski,Destiny.Romaguera27@hotmail.com,1-774-775-0410,49643 Muller Heights,03/07/2024-21:58
Tobin,Erdman,Maud_Pacocha@hotmail.com,860.635.5757 x8979,34753 DuBuque Crescent,11/10/2024-16:37
Alysa,Grant,Clarissa.Borer@gmail.com,686.567.0499 x7939,594 Breitenberg Flats,22/01/2024-20:24
Foster,Wyman,Hillard_Dach21@gmail.com,(465) 636-0967 x02911,449 Osinski Loop,15/11/2023-19:32
Easton,Bayer,Misael37@yahoo.com,(968) 657-6769 x21799,7294 Wolff Fork,12/05/2024-19:46
Pierre,Hamill,Greta.Brown91@hotmail.com,(424) 925-5736,5405 Hackett Lights,06/02/2024-03:18
Delphia,Kilback,Kenyon31@yahoo.com,1-896-886-1674 x80410,5600 W Jackson Street,01/02/2024-03:04
Davon,Schuster,Garret_Bayer@hotmail.com,982.729.6421 x759,3739 Donato Brooks,11/07/2024-10:05
Virgil,O'Keefe,Larissa_Robel50@gmail.com,1-329-842-6647 x7284,567 Wintheiser Brook,27/11/2023-02:16
Stefan,Boehm,Ima21@gmail.com,1-679-886-0703 x77369,5268 W Front Street,08/12/2023-14:04
Zora,Mitchell,Jadyn.Abbott-Barton@hotmail.com,749-708-0029,127 Jamison Crossing,11/03/2024-04:34
Blair,Collier,Turner11@gmail.com,1-273-308-8302 x957,805 Goldner Fords,11/06/2024-03:15
Angeline,Wolf,Dudley16@yahoo.com,818.236.6373 x84300,825 Dillon Forges,08/11/2024-22:22
Loyal,Effertz,Libby.Skiles8@gmail.com,(574) 521-7967 x08784,4281 Stroman Lane,15/06/2024-08:34
Carole,Walter,Macy_Kerluke@yahoo.com,(560) 324-6106,7692 Manuel Branch,02/02/2024-06:26
Collin,Marvin,Eleanore.Bosco27@gmail.com,1-343-305-5971,394 N Jefferson Street,02/02/2024-21:09
Kip,Bogan,Russel.Haley@gmail.com,611-931-5649 x8939,6588 Prohaska Circle,18/01/2024-20:37
Marianna,Lemke,Lavina.Treutel@yahoo.com,1-685-267-0448,55013 Makayla Mount,14/09/2024-00:17
Dorothea,Von,Alex8@gmail.com,(261) 923-3385,29392 E Bridge Street,16/09/2024-12:35
Geovany,Kris,Anastasia.McLaughlin85@yahoo.com,289-286-1649 x1056,76168 Meadow Way,04/06/2024-17:43
Marietta,Breitenberg,Nat_Will@hotmail.com,1-713-593-5259 x97792,386 Nickolas Creek,01/11/2024-12:17
Taya,Windler,Magali_Kovacek5@hotmail.com,(935) 933-2967,557 Amelia Circles,30/03/2024-22:34
Otilia,Abernathy,Dallas.Doyle27@hotmail.com,947.297.5219,6480 S Chestnut Street,18/11/2023-22:53
Edna,Farrell,Malcolm13@yahoo.com,(475) 818-9309 x4902,3120 Adams Street,31/12/2023-10:02
Darrin,Turcotte,Keon.Runolfsson26@gmail.com,403.364.1268 x3063,966 S Union Street,11/01/2024-15:46
Gaston,Gislason,Fernando.Stamm14@hotmail.com,(569) 525-8027,385 Balistreri Tunnel,19/01/2024-01:36
Benton,Kirlin,Oswaldo.Kovacek65@gmail.com,617.232.3794,6983 Jacobs Gardens,23/05/2024-08:28
Brain,Lueilwitz,Scotty58@hotmail.com,1-844-620-5261 x95348,543 Albany Road,17/01/2024-10:49
Grant,Tromp,Kade.Paucek60@hotmail.com,1-278-840-3663 x6341,171 Runolfsdottir Cove,23/01/2024-07:42
Francisca,Greenholt,Esperanza_Daniel92@hotmail.com,617.943.5479 x998,8581 Maryse Circle,18/11/2023-01:31
Lauren,Langosh,Raymundo.Rosenbaum82@gmail.com,217-611-8913 x90183,795 Stephany Brooks,27/01/2024-03:52
Lillian,Schuppe,Ray.Hagenes51@yahoo.com,1-340-226-9584 x54481,27697 Mante Well,22/08/2024-13:30
Arlene,Botsford,Deion_Bergnaum19@hotmail.com,1-936-640-9265 x90831,11797 Nathen Mountain,22/06/2024-18:49
Gina,Ullrich,Trystan_Predovic52@gmail.com,476-404-8953 x74423,311 Letha Route,08/01/2024-18:58
Vilma,Tromp,Haley.Renner-Dicki73@yahoo.com,(342) 877-0756 x6674,5617 D'Amore Valleys,25/10/2024-09:04
Seth,Powlowski,Archibald69@gmail.com,(554) 813-8244 x553,1706 The Copse,04/02/2024-00:36
Gretchen,Raynor,Leland_Von@yahoo.com,992-773-0176,217 Jannie Overpass,31/12/2023-08:34
Micaela,Ullrich,Trenton.Quigley88@yahoo.com,597.892.2063,8833 Brook Lodge,20/12/2023-04:47
Alberta,Walsh,Olen.Hagenes14@gmail.com,(594) 201-2081 x4969,431 3rd Street,26/04/2024-04:58
Arne,Beahan,Noemi_Koelpin32@gmail.com,1-434-485-9660,4437 Damaris Vista,22/07/2024-23:29
Joesph,Schmitt,Elroy.Rogahn@yahoo.com,690-311-1264 x1761,3602 Zena Overpass,29/07/2024-16:28
Clifford,Padberg,Elouise_Stanton13@gmail.com,790-746-9459 x4756,4638 Hegmann Centers,19/11/2023-05:36
Ellen,Haag,Graciela_Prosacco24@gmail.com,469-624-0356,915 Marina Walk,12/05/2024-11:24
Regan,Goodwin,Santina.Crist93@yahoo.com,544-234-2167,6601 Marks Gateway,29/07/2024-02:11
Milton,Bradtke,Coy_Ritchie26@hotmail.com,552-693-1275 x189,1012 Schroeder Estate,28/01/2024-06:51
Elisabeth,Koepp,Jace_Williamson@yahoo.com,460-454-0061 x1561,7742 Waterside,11/04/2024-10:06
Federico,Daugherty,Berta_Sporer63@gmail.com,(939) 312-6109,623 Kemmer Ramp,17/10/2024-04:37
Marietta,Howell,Scottie.Beier9@yahoo.com,1-578-688-5192,29655 Willow Drive,16/03/2024-06:51
Winfield,Macejkovic,Ryley.Davis@hotmail.com,307-626-9381 x15557,3387 Manor Road,26/02/2024-14:51
Kody,Lehner,Kayla.Boehm@gmail.com,488.893.3235,179 Rectory Lane,18/01/2024-17:32
Lillian,Wilderman,Jerald_Adams@yahoo.com,(452) 702-3260 x628,692 Lauretta Bridge,30/11/2023-23:14
Michaela,Carroll,Royal_Welch64@yahoo.com,765.561.4857 x371,56980 S High Street,05/08/2024-17:47
Kristoffer,Donnelly-Altenwerth,Stefanie.Ernser@hotmail.com,860.236.1180 x3585,1164 Cliff Road,13/10/2024-17:12
Jazmyn,Trantow,Sydni_Runte@yahoo.com,231-236-8089,559 Hessel Extensions,11/09/2024-14:19
Beryl,Littel,Norberto_Bashirian61@yahoo.com,1-987-927-7897 x51783,105 Devonshire Road,23/08/2024-13:27
Glen,Balistreri,Winston5@gmail.com,(595) 835-0525 x87043,93395 Dale Street,17/03/2024-22:42
Aaron,Collier,Wilfred.Schowalter-Labadie80@gmail.com,(263) 520-4811,16946 Devonshire Road,18/11/2023-09:11
Cydney,Wolff,Dorothy_Leuschke95@yahoo.com,974-497-0194,902 Cow Lane,07/10/2024-09:46
Karina,Orn,Nicholaus12@gmail.com,(988) 262-5017,27201 Sycamore Avenue,01/08/2024-15:55
Hipolito,Watsica,Osbaldo.Kunze@hotmail.com,625.406.3358 x85730,379 Gina Via,18/06/2024-04:32
Hazel,O'Reilly,Calista.Ankunding38@gmail.com,(810) 711-0405 x844,515 Wuckert Parkways,05/06/2024-10:59
Jasen,Gusikowski,Mohamed.Hauck62@yahoo.com,1-326-281-3463 x911,6098 Ruby Way,30/12/2023-00:25
Jailyn,Grimes,Wilfredo.Watsica@hotmail.com,985-970-8670,605 Cicero Corner,17/11/2023-12:10
Jackie,Dickinson,Jose57@gmail.com,797-780-0908 x4114,746 Carlie Rest,13/05/2024-09:42
Hudson,Wuckert,Adelia.Langosh22@gmail.com,(404) 244-3733,6222 Koelpin Spur,15/01/2024-06:35
Louvenia,Olson,Korey_Erdman42@hotmail.com,1-904-638-5297 x620,53267 Polly Inlet,03/07/2024-04:53
Jeromy,Schoen,Laila97@hotmail.com,(608) 264-2441 x132,7020 Kulas Plain,25/10/2024-01:26
Fiona,Collins,Hassie66@gmail.com,1-706-945-6913 x51846,67211 Cemetery Road,22/04/2024-05:06
Josianne,Olson,Fleta.Marks@hotmail.com,1-511-395-6144 x928,492 Hermann Valleys,15/03/2024-10:24
Kurt,Dach,Evan8@hotmail.com,354-925-6160 x23950,35497 Harris Tunnel,07/10/2024-11:44
Noel,Auer,Enos49@hotmail.com,801-376-2075,403 Godfrey Lodge,27/02/2024-05:43
Dessie,Russel,Josianne.Yost-Will49@yahoo.com,1-416-623-9551 x116,698 E 4th Avenue,21/04/2024-07:40
Donato,Dickinson,Joseph_Bartell@yahoo.com,940.666.4443 x365,886 Harber Locks,05/11/2024-18:13
Mittie,Buckridge,Arturo_Muller@gmail.com,372-825-4837 x2837,809 Guillermo Viaduct,10/12/2023-20:32
Nettie,Leuschke,Madeline_Stokes44@yahoo.com,(296) 751-9035,355 Kathlyn Valleys,29/08/2024-01:57
Laury,Blick,Kirstin.Casper@gmail.com,1-255-460-5454 x7321,988 Hettie Knoll,07/04/2024-06:09
Koby,Beahan,Christy.Frami31@gmail.com,(533) 376-5024,468 Kshlerin Valley,16/10/2024-00:16
Kasandra,Becker,Frederick_Towne@hotmail.com,654.602.5392 x270,32705 Cummings Route,27/09/2024-19:34
Lelia,Wilkinson,Bernard_Kutch91@gmail.com,1-907-974-5203 x28652,2855 Parisian Neck,14/02/2024-10:20
Edna,Wuckert,Einar.Glover81@hotmail.com,1-234-683-2500,346 Mazie Shoals,22/05/2024-21:45
Addison,Zieme,Margret.Sipes-Rolfson8@gmail.com,(645) 400-5598,196 Huel Port,25/11/2023-04:59
Elva,Kovacek,Alda_Erdman-Torphy83@yahoo.com,209.994.0490 x86099,3916 Turcotte Drive,28/03/2024-04:49
Destany,Breitenberg,Agustin7@hotmail.com,232-797-6804 x2013,524 Pacocha Course,07/06/2024-21:29
Blaise,Krajcik,Jarred.Hessel@yahoo.com,353-307-3883 x9690,94576 Kerluke River,15/01/2024-20:50
Kimberly,Zemlak,Taylor.Grant74@gmail.com,(299) 296-3738 x9727,972 Urban Knoll,16/12/2023-15:36
Marlin,Ebert-Wiegand,Hildegard.Kovacek@hotmail.com,(752) 654-2641,348 Macejkovic Parkway,22/01/2024-06:02
Wyatt,Wolff,Waldo57@gmail.com,668-930-4506 x99092,4570 Kunde Mills,19/03/2024-13:10
Esperanza,Pfannerstill,Eda.Monahan@yahoo.com,874.530.6016 x2948,4043 Fadel Springs,29/08/2024-16:22
Dina,Rempel,Uriel13@hotmail.com,449-621-9172 x96877,71010 Robel Shoal,16/08/2024-00:32
Tanya,Blick,Fred_Adams90@yahoo.com,(241) 550-9022 x89956,8913 State Street,18/08/2024-09:28
Lorenz,Kreiger,Preston43@gmail.com,(578) 299-0698 x2673,641 Mueller Squares,08/07/2024-07:09
Elva,Becker,Eve_Ankunding@gmail.com,698-709-8809 x005,513 Gutkowski Ports,08/01/2024-11:56
Olaf,Zulauf,Bradford.Oberbrunner93@gmail.com,(563) 394-8512 x6051,25509 Mueller Valley,20/01/2024-23:35
Stuart,Kuphal,Casandra_Skiles91@hotmail.com,228-714-5956 x118,93061 Cordia Cove,31/12/2023-17:12
Dominique,Roberts,Grayson82@gmail.com,497-601-5281 x3415,773 Rau Oval,28/06/2024-19:33
Enos,Bailey,Alanna98@hotmail.com,1-699-204-6352 x740,9737 Jakubowski Ramp,02/12/2023-19:40
Fred,Rutherford,Presley6@yahoo.com,(896) 874-0442 x289,8304 N Bridge Street,18/01/2024-20:43
Emelia,Metz,Melyna.Lesch@gmail.com,737-541-6823 x386,9779 Thad Center,22/09/2024-14:28
Alfredo,Cummings,Angelita_Schmidt-Sawayn25@hotmail.com,1-210-563-6790,4534 W Broadway Avenue,24/08/2024-12:53
Alex,Mills,Cecilia_Rosenbaum34@hotmail.com,(626) 989-8601,1684 Tillman Spurs,13/09/2024-10:21
Loy,Gutmann,Xavier.Barton-Stamm@gmail.com,202-981-9940 x496,1651 Daniel Forest,22/04/2024-06:02
Alda,Goyette,Erwin_Lynch@hotmail.com,890-592-1084 x719,1205 Cara Island,15/03/2024-03:08
Waylon,Wyman,Armani_Sporer@gmail.com,675-781-0036,2392 Northfield Road,23/12/2023-15:37
Dan,Wunsch,Westley.Leuschke34@gmail.com,(885) 639-7655 x4966,671 N 2nd Street,22/02/2024-13:08
Creola,Franey,Marianne.Murphy13@yahoo.com,350.481.3146 x4959,4786 Jamir Turnpike,06/09/2024-03:08
Darien,Pacocha,Bette_Casper37@yahoo.com,(633) 512-7232 x859,25266 S Monroe Street,05/05/2024-05:41
Julius,Mayert,Elian.Rutherford71@gmail.com,718.347.2805 x0636,38321 N Railroad Street,05/08/2024-00:08
Hertha,Wilderman,Domenick.Trantow@yahoo.com,749-588-2396 x611,82760 Henri Fort,17/05/2024-05:59
Lempi,Okuneva,Marc24@hotmail.com,(270) 728-0137 x393,6413 The Sidings,17/12/2023-22:20
Durward,Walter,Mathilde86@gmail.com,922.891.2647 x754,232 Deborah Plain,10/06/2024-13:12
Golda,Bergnaum,Chadd_Dach92@yahoo.com,1-636-870-2644 x73351,9649 Auer Vista,18/02/2024-11:43
Halie,Aufderhar,Dolores38@hotmail.com,(902) 257-3422 x85756,32332 E Oak Street,15/12/2023-22:32
Orin,Johns,Jazlyn3@gmail.com,307.891.0149 x868,80447 Halvorson Roads,24/01/2024-14:01
Rasheed,McDermott,Oma62@yahoo.com,(496) 909-4325,309 College Street,04/09/2024-18:15
Nikolas,West,Jerald_Fisher@yahoo.com,1-323-680-3716,33585 The Mews,14/03/2024-21:03
Alicia,Fisher,Juana29@hotmail.com,1-257-820-8534 x18124,258 Robel Fort,27/06/2024-06:02
Carmen,Goodwin,Franz_Langosh@gmail.com,209.639.3259 x8512,948 Tavares Pines,05/10/2024-12:12
Lamar,Schneider,Donald.Halvorson12@hotmail.com,(218) 719-5383 x279,32241 Funk Cape,18/06/2024-10:07
Merlin,Ledner,Ron84@hotmail.com,1-457-777-0665 x661,8917 E Jefferson Street,09/01/2024-22:31
Pearline,Prosacco,Arnoldo.Goldner@hotmail.com,598.553.7082,594 Lowell Viaduct,08/06/2024-21:00
Caleigh,Hand,Russel76@gmail.com,(217) 414-9268,527 Salisbury Road,17/12/2023-11:43
Waylon,Shanahan,Naomi57@gmail.com,308-557-9189,2393 Stanton Wells,26/06/2024-08:40
Missouri,Corkery,Merritt_Labadie-Osinski@yahoo.com,(694) 937-7741 x43904,1472 Ritchie Summit,25/08/2024-17:31
Reinhold,Sipes,Cordie_Hayes37@gmail.com,(356) 998-3026 x7544,3611 Wolf Freeway,12/04/2024-09:17
Verona,Hane,Nora35@yahoo.com,454-836-4809 x578,4936 Harold Courts,18/08/2024-14:31
Clemmie,Pfannerstill,Kaylee.Dickens@gmail.com,804-642-6645 x27666,98529 Cumberland Street,19/05/2024-17:28
Luella,Kohler,Josie.Cartwright53@hotmail.com,1-514-419-6764 x5212,8928 Kingsway,02/11/2024-12:53
Marge,Douglas-Bruen,Ron99@hotmail.com,710.650.8924 x58169,59730 Collier Mill,20/05/2024-01:30
Karolann,Larkin,Alaina79@gmail.com,485-593-4149 x33685,89087 Jast Turnpike,05/07/2024-12:48
Octavia,Boehm,Garth52@hotmail.com,218-546-1505 x262,243 Heller Via,01/07/2024-20:39
Naomie,O'Reilly,Clay_McDermott@hotmail.com,894.525.2949 x0108,9694 Boundary Road,03/12/2023-17:25
Afton,Bergnaum,Georgiana.Wilderman@gmail.com,(509) 806-3950,4530 Duke Street,29/06/2024-16:55
Lia,Schmeler,Talon.Parisian3@hotmail.com,912-859-8114,6757 Cromwell Road,19/03/2024-21:50
Jamil,Runte,Harry_Abbott@hotmail.com,1-341-457-8880 x7294,911 N Pine Street,15/11/2023-11:08
Hillary,Dare-Kassulke,Walker.Goyette20@hotmail.com,391.200.3125,10077 Margret Mission,25/04/2024-11:57
Destin,Funk,Hank.Corkery92@yahoo.com,(502) 483-7751 x9781,9815 Considine Pine,10/06/2024-01:10
Mateo,Gutkowski,Bethany_Beatty95@hotmail.com,647-946-1726 x0563,609 Edna Junction,04/06/2024-18:22
Keon,Zboncak,Ivah_McCullough45@hotmail.com,(742) 345-3853 x3261,42008 Towne Shoals,22/04/2024-09:20
Neil,Nienow,Maureen89@yahoo.com,235.852.1732 x51990,2061 Mueller Court,13/05/2024-16:51
Lucious,Connelly,Jamaal_Hessel@gmail.com,556-767-9888,536 Gunnar Land,07/05/2024-17:00
Micheal,Rolfson-Harber,Margaret39@gmail.com,275-251-0499 x208,963 Watsica Orchard,26/10/2024-13:47
Lenora,Farrell,Mellie22@gmail.com,(609) 857-0105,15470 Wilkinson Crest,22/08/2024-22:10
Gregorio,Kilback,Ethyl_Jast@gmail.com,805-484-7170 x0589,914 Zieme Pines,14/04/2024-05:07
Henri,Ebert,Vanessa.Pagac44@yahoo.com,485-796-0242,8889 W 8th Street,09/02/2024-02:52
Lawrence,Torphy,Emie_Smith@gmail.com,1-968-750-8828 x1799,29121 Koch Villages,02/01/2024-03:16
Nona,Bartoletti,Bethany_Quitzon@yahoo.com,1-604-856-4469 x91584,1381 Treutel Forge,05/10/2024-02:47
Enrique,Balistreri,Jaclyn.Steuber81@gmail.com,282.661.9642 x68059,41460 W Broad Street,17/01/2024-04:49
Samanta,Harris,Freddy_Goyette@hotmail.com,498.484.6087,7368 Princess Street,14/01/2024-19:48
Francesca,Sipes,Casper_Upton@hotmail.com,495.697.9750,4309 Gleason Prairie,11/05/2024-06:35
Tatum,Parker-Langosh,Brandon_Douglas@gmail.com,(585) 882-6865 x460,5984 Willow Grove,18/11/2023-01:07
Ward,Swaniawski,Bryce51@gmail.com,238-752-7504 x6544,937 E Center Street,25/02/2024-15:56
Kayley,Mitchell,Guillermo_Nader12@yahoo.com,1-396-942-9317 x59609,24538 Spruce Street,17/07/2024-21:21
Casper,Simonis,Isobel_Kutch@hotmail.com,(735) 265-8321 x79992,747 Audie Crescent,22/12/2023-03:56
Chelsie,Leannon,Taya.Kerluke@yahoo.com,572-574-6525 x469,55675 W Union Street,09/05/2024-22:09
Cassandre,Ullrich,Catalina.Swift72@hotmail.com,740-826-3735 x154,17643 Devonshire Road,23/02/2024-14:19
Gene,Tremblay,Belle_Feeney@hotmail.com,1-648-567-2681 x463,731 Sandy Lane,03/12/2023-01:22
Ethan,Green,Trinity54@gmail.com,(275) 723-1319 x14401,8474 Stanley Road,25/11/2023-15:12
Edison,Kuvalis,Jedediah.Johns0@hotmail.com,928-396-6573,80232 Henri Summit,12/08/2024-10:13
Osvaldo,Emmerich,Destiney.Marvin@gmail.com,(919) 327-9671 x4380,451 The Mews,13/10/2024-03:34
Julia,Kuhlman,Ressie.Turcotte94@hotmail.com,(324) 416-6542,9958 Krista Port,05/07/2024-19:51
Stephanie,Kilback,Jolie.Spencer@yahoo.com,547-220-1683 x9768,34312 Chester Junction,11/05/2024-13:23
Bella,Christiansen,Loyce.Lakin@hotmail.com,1-597-414-8860 x7760,8939 Schamberger Ferry,12/12/2023-21:33
Zackary,Johns,Isaias79@hotmail.com,(677) 443-0354 x0874,58334 Yew Tree Close,14/12/2023-05:33
Mariano,Koepp,Gayle11@gmail.com,343-348-9222 x3249,69047 Marks Mount,05/10/2024-19:26
Rodrigo,Murazik,Hilma_Dach@gmail.com,632-202-2937,8484 Mayer Summit,07/02/2024-22:22
Jaiden,Borer,Lorenzo85@hotmail.com,496.238.8537 x00944,580 Alf Haven,17/11/2023-22:14
Norris,McCullough-Wuckert,Dell15@gmail.com,775.628.9001 x7273,643 E 6th Avenue,28/04/2024-23:13
Tyrese,Reynolds,Clare_Kilback-Witting82@gmail.com,1-820-510-3204 x880,2300 W 7th Street,01/10/2024-19:19
Nigel,Steuber,Stefan.Rosenbaum@gmail.com,560-589-4476,85679 Hayes Bridge,04/11/2024-23:59
Walter,Braun,Jonathan_Corwin-Hegmann57@gmail.com,430-805-1426 x4987,15041 Broadway Street,16/11/2023-07:39
Rahsaan,Crist,Dahlia65@yahoo.com,639.894.8833 x784,32069 Trantow Crest,09/05/2024-15:34
Augustine,Ziemann,Zula_Kiehn1@hotmail.com,908.293.2929,1968 Mante Fords,20/08/2024-11:37
Wilhelmine,Glover,Chadd59@yahoo.com,1-339-201-0483 x46979,6240 Libby Drive,16/11/2023-19:04
Tianna,Rutherford,Damien_Keeling16@gmail.com,539.327.0269,7343 Valentina Burgs,06/02/2024-04:31
Albina,Kiehn,Maggie28@yahoo.com,355.622.7242 x4113,70936 Kunde Mall,20/03/2024-01:33
Aliya,Swift,Elenor.Nikolaus4@hotmail.com,221.983.0974,7857 Moen Cove,22/12/2023-18:03
Titus,Davis,Gregoria_Metz@hotmail.com,(200) 383-9202 x45817,923 St Mary's Road,26/12/2023-18:13
Winfield,Brakus-Jenkins,Jaron_Dare@yahoo.com,(803) 240-5398 x62096,218 Johns Hill,11/09/2024-05:08
Kailyn,Wyman,Andrew_Gislason6@yahoo.com,819.387.3520 x2781,13970 Lansdowne Road,24/12/2023-12:14
Alvena,Langworth,Rahul40@gmail.com,468.362.5831,1760 Camron Squares,01/02/2024-02:44
Cory,Kemmer,Carson35@gmail.com,455-414-8585 x01831,8900 Brenna Road,29/12/2023-22:05
Maeve,Koepp,Olin97@gmail.com,622.699.4793 x6979,7014 Justice Ridge,20/02/2024-20:43
Sigrid,Powlowski,Alec.Hilpert@hotmail.com,1-944-497-2488 x055,54782 Bartholome Route,19/06/2024-21:54
Olen,Haley,Dortha.Gerlach@yahoo.com,317.971.6426 x2293,23129 Kayli Canyon,20/03/2024-17:24
Efren,Gerlach,Dedrick.Lesch31@gmail.com,1-401-509-5538,376 Cyril Trace,18/03/2024-09:38
Carmen,Parker,Wellington_Rolfson-Flatley@gmail.com,838-377-0985 x7481,260 Rolfson View,12/10/2024-16:12
Myrl,Volkman,Liliana.Bins62@yahoo.com,1-779-388-2010 x1675,98901 Destiney Locks,30/12/2023-10:43
Zander,Emmerich,Carolina_Mitchell96@gmail.com,440.646.1659 x2491,60227 W Oak Street,03/12/2023-11:39
Kristoffer,Romaguera,Fernando_Klocko40@gmail.com,(734) 766-0602 x899,701 E Main,10/05/2024-20:38
Rachel,Turner,Leora.Pacocha48@yahoo.com,780-696-9652,79420 Osinski Coves,07/01/2024-15:06
Creola,Dicki,Dereck92@hotmail.com,1-948-461-1169 x4293,3283 S Bridge Street,26/03/2024-22:52
Eloisa,Huels,Golden_Jones37@gmail.com,(392) 352-7440,70003 Audreanne Crossing,06/04/2024-03:46
Helena,Yundt,Eloisa.Hoeger0@gmail.com,1-366-369-8526,5642 Telly Park,06/04/2024-17:24
Rowan,Smitham,Khalid_Rohan12@hotmail.com,1-313-209-1384 x71068,3894 Columbia Avenue,23/04/2024-05:19
Rose,Dibbert,Victoria.Rutherford@hotmail.com,761.356.3572 x9678,412 Taurean Spurs,12/04/2024-13:24
Lexi,Hansen,Tatyana23@gmail.com,469.787.4773 x5027,3707 Church Path,10/01/2024-03:56
Edwardo,Braun,Rosa.Koepp90@hotmail.com,840.431.8106 x2243,8124 Muriel Throughway,29/10/2024-17:03
Cordia,Kohler,Dane_Crona38@yahoo.com,842-622-8027 x8015,880 Hilbert Motorway,13/07/2024-22:52
Liana,Welch,Sofia.Swift41@yahoo.com,718-700-3936 x259,51733 Stanton Villages,27/12/2023-02:24
Casimer,Okuneva,Marquise_Ortiz@hotmail.com,1-705-356-1936 x41224,98396 The Mount,12/12/2023-17:45
Adah,Hermann,Delfina13@yahoo.com,602.284.8793 x462,647 Dolly Rapid,28/02/2024-02:46
Geovany,Weber,Monique86@yahoo.com,437.927.1354 x269,25216 Fahey Run,17/01/2024-16:22
Anjali,Marvin,Nathaniel_Erdman0@hotmail.com,616.383.2064 x99503,29944 E 1st Street,08/01/2024-10:58
Carolyne,Gerlach,Tierra_Bogan-Abshire@yahoo.com,(499) 947-1241 x18649,81392 Wolff Mountain,30/06/2024-07:33
Brad,Durgan,Dannie75@yahoo.com,(394) 372-5775 x040,349 Flatley Corner,13/06/2024-14:09
Milan,Armstrong,Solon.Connelly95@gmail.com,1-493-369-5700 x4471,409 Talbot Road,07/08/2024-14:57
Gerhard,Bogisich,Jules_Toy94@gmail.com,1-310-677-5264 x2062,739 4th Street,16/01/2024-16:15
Lyla,Muller,Joseph_Ward46@yahoo.com,959.441.3323 x3572,90457 N High Street,24/02/2024-08:21
Keely,Wuckert,Ruthie10@hotmail.com,601-764-7046 x04831,558 Stehr Loop,24/01/2024-09:47
Clare,Stracke,Clark_Haag@gmail.com,(708) 458-0001 x3752,687 Edna Stravenue,22/04/2024-16:51
Linda,Goldner,Daija_Rempel@hotmail.com,(347) 310-7312,2018 Alysson Orchard,06/12/2023-01:03
Roberta,Spencer,Vicky_Harvey-Bins@gmail.com,(406) 206-4481,986 Cielo Estates,19/11/2023-07:07
Brandyn,Towne,Kelton44@hotmail.com,540.720.8809 x9217,261 Elwin Walk,28/06/2024-04:31
Jensen,Ondricka,Ena.Parisian@yahoo.com,(498) 711-1966 x184,6166 Douglas Parks,10/06/2024-23:42
Hailey,Little,Adrienne_Kuphal@hotmail.com,1-953-824-2039 x4097,315 Tia Plains,23/02/2024-09:54
Mckenna,Doyle,Dawn_Collins@gmail.com,418.768.8554 x2160,7207 Stokes River,27/04/2024-15:50
Werner,Casper,Kian.Schumm34@yahoo.com,729.998.9933 x10008,771 Conroy Plain,12/01/2024-07:48
Robin,Rippin,Jerome92@hotmail.com,1-788-700-5726,1940 Bergnaum Greens,16/09/2024-12:49
Timmothy,Wuckert,Amelie_Pacocha@hotmail.com,1-856-631-5156 x31924,780 Audra Centers,03/01/2024-13:52
Reta,Adams,Lemuel_Klocko59@yahoo.com,1-770-715-8964,612 Lake Drive,18/08/2024-17:21
Gavin,Barton,Keyon.Lueilwitz56@hotmail.com,451-785-6253 x3970,268 Pearl Street,02/06/2024-11:41
Keith,Cummerata,Riley6@hotmail.com,1-994-309-6494 x9962,72287 Old Military Road,19/09/2024-16:17
Ada,Zieme,Jaydon.Bartell@gmail.com,(338) 392-4670 x50487,539 Jordan Extension,13/04/2024-23:21
Alexandra,Thiel-Quigley,Dorcas.Lesch59@gmail.com,458-510-5304 x99564,48760 Ebert Orchard,01/09/2024-21:56
Laurel,Jast,Sophia89@yahoo.com,(686) 684-1955,88291 Harrison Avenue,18/06/2024-13:50
Reginald,Rutherford,Clarabelle.Ullrich@yahoo.com,480-970-2793 x49656,51380 Chasity Rest,03/03/2024-13:37
Alejandra,Lockman,Estelle88@yahoo.com,1-963-658-4773 x8797,561 Denesik Lodge,24/08/2024-08:07
Susan,Parisian,America.Hackett@gmail.com,1-480-653-0351 x4472,48340 Barrows Divide,08/08/2024-13:41
Vladimir,Hirthe-Kuhn,Shaylee.Schmidt@gmail.com,627.822.0480 x748,30921 Lafayette Street,08/03/2024-12:50
Ivory,Kautzer,Annie.Corwin70@yahoo.com,391-649-4179 x8982,248 Sterling Cove,29/05/2024-23:28
Christina,Wyman,Misael27@yahoo.com,528.703.1751 x95013,84221 Olson Forest,18/09/2024-02:09
Wilhelmine,Murray,Marion24@hotmail.com,859-775-7829 x631,6458 Rusty Circles,18/08/2024-13:26
Omari,Okuneva,Marcelo.Ferry6@gmail.com,1-659-583-2379 x549,443 Vandervort Spurs,08/04/2024-16:22
Lilla,Corwin,Shana.Christiansen@gmail.com,338-668-1597,7599 W 1st Street,30/05/2024-09:21
Roma,Ratke,Flavio22@hotmail.com,570-850-6978 x726,297 Tanner Loop,04/02/2024-06:07
Omer,Hansen-Parker,Dorthy.Hand@hotmail.com,(388) 316-5012 x41587,17015 Sipes Dale,02/04/2024-21:06
Cruz,Bednar,Aurelia.Hartmann@gmail.com,696-826-9030 x524,96108 Front Street,16/03/2024-00:08
Rebeka,Wilkinson,Roosevelt_Bashirian68@yahoo.com,1-929-603-0689 x9604,86516 N Jefferson Street,03/04/2024-15:01
Vance,Price,Grace_Runte34@hotmail.com,1-681-630-2728 x99160,2466 Lueilwitz Forges,04/09/2024-14:13
Mario,Champlin,Nyasia_Dach@gmail.com,(286) 417-1942,438 Derwent Close,24/06/2024-04:08
Eldora,Sauer,Nolan.Strosin26@gmail.com,1-730-318-7829 x273,3360 Grimes Oval,23/06/2024-22:05
Marcelino,Bartoletti,Alia82@hotmail.com,1-320-842-2344 x238,37767 Maple Close,16/02/2024-15:38
Kian,Turner-Blick,Gudrun50@gmail.com,844-565-0679 x7096,3713 O'Keefe Landing,08/10/2024-05:35
Bryce,Frami,Dejuan25@hotmail.com,755-422-0844 x471,86900 Jacquelyn Brooks,12/02/2024-16:02
Myrtie,Lesch,Hubert_Heaney14@hotmail.com,1-326-714-1912 x4528,18078 Prospect Street,12/06/2024-08:06
Maiya,Walter,Sydnie29@yahoo.com,972.571.1966 x538,319 Pearlie Pines,30/10/2024-00:22
Kyra,Leannon,Lizeth_Kessler@gmail.com,1-602-914-7577 x27865,8505 Gleichner Forks,27/05/2024-14:46
Alexane,Walter,Abbie_Wyman59@gmail.com,(527) 699-0559 x50433,49394 Highfield Close,22/10/2024-05:33
Cornelius,Baumbach,Ophelia_Jones45@gmail.com,498-881-2366 x10599,339 Dibbert Lakes,29/09/2024-17:28
Peyton,Torphy,Roxanne_Schinner28@hotmail.com,1-773-571-5991 x4748,43880 Boyer Freeway,19/04/2024-02:49
Tyrique,Green,Tia92@gmail.com,1-628-429-4267 x013,487 Russel Parkway,17/11/2023-13:56
Gladyce,Swift,Gayle53@hotmail.com,(870) 329-0599 x5212,886 Avenue Road,24/04/2024-04:37
Jarred,Smith,Sadye_Swaniawski53@hotmail.com,1-283-727-3833,2686 Riverside Drive,20/04/2024-13:16
Gregg,Haag,Rasheed71@gmail.com,1-273-826-7354,264 N Broadway,08/12/2023-00:47
Alia,Watsica,Alycia_Bode@gmail.com,713.863.5417,611 W North Street,05/11/2024-11:57
Gussie,D'Amore,Laurianne_Kohler@yahoo.com,1-753-929-6211,936 Euclid Avenue,24/03/2024-19:05
Terry,Mann,Charlie.Stracke@yahoo.com,652.765.9996 x0758,1801 E State Street,16/02/2024-13:18
Alfonzo,Larson,Gordon89@yahoo.com,778.708.6173,245 School Lane,02/09/2024-17:30
Jazmyne,Ritchie,Maria.Bechtelar@yahoo.com,215-859-6186 x7692,497 Yundt Drives,25/03/2024-12:13
Alexandrine,Larson,Bret_Mraz38@yahoo.com,876-839-5120 x0601,106 Jairo Cliff,11/06/2024-22:25
Maegan,Braun,Jamar_Bergnaum22@yahoo.com,1-835-331-5061 x93152,9746 Carroll Creek,10/10/2024-15:34
Leopold,Abbott,Vickie58@yahoo.com,996-543-0606,9120 Mitchel Meadow,12/08/2024-06:45
Marielle,Bartell,Oma_Nader@yahoo.com,778-616-2579 x356,93836 Yost Brook,16/08/2024-12:28
Rickey,Brakus,Edgar.Hagenes30@yahoo.com,1-713-244-1114 x778,9677 Mathias Avenue,14/10/2024-19:39
Alysson,Harber,Lola_Hamill5@gmail.com,716.874.2612 x23207,2541 Akeem Circle,15/06/2024-23:22
Audie,Wolff,Derek69@yahoo.com,834-821-1807,868 Dovie Brook,05/08/2024-23:08
Jermey,Pfeffer,Ona23@hotmail.com,(956) 561-2602 x84115,87792 Yundt Pines,17/01/2024-08:59
Samir,Hansen,Cleora.Roob@gmail.com,831-355-1502 x50390,79473 S Broadway,28/06/2024-03:40
Lilly,Pfannerstill,Verla.Simonis@hotmail.com,301-319-8965 x517,8344 Treutel Light,01/01/2024-22:58
Jocelyn,Hand,Ernesto59@hotmail.com,(282) 835-0213 x88784,49247 Jennie Way,22/03/2024-07:10
Eudora,Cormier,Hyman_Batz54@hotmail.com,690-911-3930 x99036,17231 Batz Track,09/02/2024-11:28
Samir,Kuphal,Anika_Miller@gmail.com,509-975-9771 x8936,3279 Kent Road,21/04/2024-21:27
Rosemarie,Treutel-White,Lera_Klein@gmail.com,696-215-5015 x89028,913 Hawthorn Close,04/09/2024-07:48
Cicero,O'Connell,Muriel93@yahoo.com,280.805.4685,46171 East Avenue,08/03/2024-02:01
Emerald,Kihn,Mike_Parisian@yahoo.com,1-547-941-1078 x08531,644 Douglas Road,30/11/2023-22:41
Hilton,Bogan,Trevor.Sporer-Brekke57@hotmail.com,535.736.7160 x60713,85112 Justyn Track,21/05/2024-23:53
Megane,Gutkowski,Taylor_Waelchi0@gmail.com,1-883-923-1057 x700,40792 Peggie Way,19/04/2024-16:51
Jacinthe,Ullrich,Coty.Bernhard@yahoo.com,(449) 690-0056 x05214,95894 Harris Park,26/12/2023-10:10
Neoma,Gorczany,Hattie_Hodkiewicz92@hotmail.com,1-792-236-9102 x04357,473 Mount Street,04/04/2024-18:24
Carol,Lebsack,Davin.Murray69@yahoo.com,427-664-8494,369 7th Avenue,17/10/2024-13:48
Rodger,Metz,Kaylah50@hotmail.com,1-630-910-4065 x851,831 Lorenza Camp,26/10/2024-22:26
Wilhelm,Satterfield,Leann_McLaughlin92@hotmail.com,872.912.0759 x82572,812 Woodlands Road,05/09/2024-20:10
Mikel,Cremin,Rahul63@gmail.com,(367) 255-2026 x165,591 Rohan Vista,12/09/2024-09:48
Martine,Howe,Clemmie.Kling68@hotmail.com,1-424-853-1808 x96371,115 Mraz Crescent,06/11/2024-22:57
Bruce,Nitzsche,Bonnie59@gmail.com,957.591.5614 x42268,16413 N Court Street,11/01/2024-13:47
Olin,Ortiz,Patience.Grimes89@yahoo.com,(401) 727-6241 x20513,547 Reinger Lake,01/03/2024-13:59
Angelo,Nader,Austyn31@yahoo.com,(722) 802-9195 x9250,8319 Ash Close,27/11/2023-18:55
Kelsie,Witting,Eunice_Lakin1@hotmail.com,1-772-414-2710,70455 W State Street,30/06/2024-17:02
Holly,Dicki,Khalid.Johnson@yahoo.com,(979) 521-8093,799 Treutel Roads,07/01/2024-16:16
Maddison,Stroman,Angela_Bayer88@yahoo.com,701.454.9407 x1985,32009 Gusikowski Key,24/11/2023-17:33
Taurean,Feil,Judge_Mann@hotmail.com,230-389-2124 x344,9545 Kuhn Junction,09/06/2024-16:31
Marty,Auer,Alexandria5@gmail.com,(632) 342-9124,93504 High Road,04/09/2024-11:55
Melyssa,Bednar,Lauriane_Wyman@hotmail.com,1-438-382-7756 x79842,876 Rowan Close,18/04/2024-18:39
Donnie,Jerde,Emmy_Zieme33@hotmail.com,838.307.3584,501 Jean Fort,28/04/2024-17:13
Pamela,Watsica,Pearline.Donnelly71@gmail.com,846-495-4415 x62327,8543 Andres Falls,14/05/2024-16:51
Augustine,Willms,Bud21@gmail.com,1-673-968-5748 x751,30840 Veronica Hills,06/07/2024-10:00
Lemuel,Kovacek,Greta86@yahoo.com,1-707-715-1499 x8416,7706 Powlowski Rest,08/09/2024-01:09
Bernice,Bruen,Ari53@gmail.com,(220) 262-1139 x2331,26181 W Main,20/05/2024-20:26
Tommie,Bayer,Reuben_Herzog@yahoo.com,(664) 918-8521,318 Seth Creek,11/06/2024-16:40
Creola,Beahan,Watson_Veum25@gmail.com,1-558-569-0511 x2118,35150 Cremin Circles,25/08/2024-21:07
Gerard,Quitzon,Breana_Cole@hotmail.com,894.749.7903 x649,241 John Motorway,02/10/2024-05:42
Jaylan,Powlowski,Jolie.Rath@yahoo.com,788.858.6656,258 Second Avenue,08/05/2024-04:36
Kaela,Roob,Reece.Botsford38@yahoo.com,239-495-6686 x83927,7943 Towne Pine,30/06/2024-11:00
Maynard,Wisozk,Norene_Haley@yahoo.com,1-366-537-6603 x366,491 Bogan Highway,18/10/2024-08:30
Skye,Funk,Brandon47@yahoo.com,859.783.7496 x9431,96823 Cross Street,25/02/2024-15:57
Trace,Kilback,Murray_McGlynn@hotmail.com,(751) 899-4584 x942,614 Jett Ramp,24/07/2024-19:51
Vickie,Pacocha,Krystel8@gmail.com,600.978.1673 x34110,31029 Spinka Corner,27/06/2024-10:59
Shirley,Koelpin,Travon9@yahoo.com,610-579-7096 x09424,596 Deckow Terrace,08/11/2024-01:21
Darrin,Sauer,Chaz.Murazik@hotmail.com,405.971.9158 x147,926 Eliseo Cliffs,10/01/2024-17:11
Dane,Lehner,Iliana4@hotmail.com,(215) 318-8251,33336 Langworth Fall,29/12/2023-16:35
Nolan,Cormier,Eden34@yahoo.com,(976) 466-0821 x94524,53776 Isadore Brook,22/02/2024-18:31
Cristian,Farrell,Wyatt57@yahoo.com,(623) 602-4219 x107,7607 Mylene Walk,27/11/2023-00:07
Letha,Funk,Devon.Halvorson60@yahoo.com,812-603-8693 x996,35082 Farrell Unions,21/07/2024-13:51
Tyree,Schmeler,Laurine_Ebert@yahoo.com,451-983-8647 x6881,70438 Wilbert Islands,05/05/2024-05:39
Kelvin,MacGyver,Darrel_Denesik-Schimmel@hotmail.com,675.769.1615 x899,613 Heller Canyon,08/11/2024-06:07
Samanta,Moen,Eli.Kulas30@hotmail.com,1-523-582-4603 x02687,7701 Elm Close,20/01/2024-13:45
Chloe,Gusikowski,Bridie.Bernier9@gmail.com,932.474.1529 x2178,9832 N Broad Street,18/11/2023-12:55
Anjali,Goodwin,Albertha22@yahoo.com,1-597-254-1752,5539 Colton Isle,23/07/2024-14:37
Nakia,Lockman,Allan.Lindgren24@hotmail.com,1-277-536-8256 x9191,8267 S 4th Street,12/10/2024-18:37
Zetta,Carter,Rosalia_Grimes17@hotmail.com,(268) 293-2987 x7970,2143 McGlynn Parks,30/04/2024-01:25
Calista,Cremin,Antoinette_Koepp@yahoo.com,1-575-508-0937 x4319,4134 Washington Avenue,07/11/2024-20:22
Destiny,Predovic,Irma.Runolfsson@gmail.com,1-593-817-6036 x75164,94762 Gleichner Highway,13/06/2024-08:52
Laurianne,Huel,Rosalee.Daugherty32@gmail.com,876-778-8005 x652,73530 Tromp Track,28/12/2023-03:54
Bertram,Abbott,Royal_Hegmann56@hotmail.com,268.947.0777 x64422,13375 Mike Village,26/10/2024-14:32
June,Ritchie,Seamus24@hotmail.com,1-890-318-2633 x4458,69831 Predovic Trail,30/03/2024-12:54
Vernice,Wunsch,Bessie31@gmail.com,(484) 880-7738,189 Hiram Route,18/06/2024-20:25
Antone,Lemke,Noelia_Hermiston83@hotmail.com,1-228-381-9126,91201 Hoppe Points,24/06/2024-04:44
Stella,Franey,Rod_DuBuque49@yahoo.com,681.825.7924 x1169,7160 Renner Walks,26/04/2024-05:02
Hassie,Mraz,Ethelyn65@gmail.com,(820) 584-9100 x3583,56984 Ruecker Harbor,13/11/2023-19:10
Roxanne,Wuckert,Precious.Bode19@hotmail.com,1-373-539-2625 x2761,40197 Cummerata Spring,18/05/2024-08:22
Camden,Fadel,Fermin49@gmail.com,912-374-9057 x92516,84059 Cedar Grove,12/01/2024-17:56
Elwin,Balistreri,Summer.Hilpert25@gmail.com,526.768.0149 x21689,2798 Mulberry Street,26/12/2023-22:18
Leila,Witting,Breanne.Prosacco@yahoo.com,714.812.6242 x864,6976 Mae Field,15/05/2024-00:10
Stevie,Runte,Luigi6@gmail.com,792.610.1526 x69559,87687 Broadway Street,10/03/2024-11:53
Rosie,Leffler,Marlon.Mitchell@yahoo.com,(815) 315-3607 x02618,786 12th Street,10/03/2024-04:25
Donnell,McGlynn,Keyshawn.Kemmer@gmail.com,(983) 980-6449 x1103,183 Franklin Street,05/07/2024-02:05
Nona,Ferry,Jeanne.Stanton@gmail.com,259.423.6624 x86173,3540 Block Inlet,13/10/2024-08:03
Albert,Rogahn,Penelope.Kertzmann22@hotmail.com,(721) 211-1040 x673,24125 Yazmin Court,16/11/2023-16:41
Leilani,Gorczany,Buck.Schimmel18@gmail.com,425-348-3889 x167,59728 Maple Street,28/08/2024-02:42